id,name,name_yomi,email,gender,age,birthday,marriage,pref,tel,mobile,communication_carrier,created_at,last_login_in_at,deleted_at
1,菅澤 菜々美,すがさわ ななみ,sugasawa_nanami@example.com,女,24,1994/4/3,既婚,福岡県,076-574-8128,080-5780-6228,au,2016/04/02 20:04:14,2017/06/23 22:57:56,
2,早美 寿明,はやみ としあき,hayami_toshiaki@example.com,男,81,1936/5/6,既婚,京都府,030-360-3241,080-7765-4316,ソフトバンク,2016/04/03 4:58:21,2017/06/22 12:58:26,2018/04/17 23:52:26
3,小高 美咲,こだか みさき,kodaka_misaki@example.com,女,83,1934/9/12,既婚,石川県,097-756-3099,080-2275- 338,ドコモ,2016/04/03 8:06:23,2017/06/04 6:26:15,
4,津田 照生,つだ てるお,tsuda_teruo@example.com,男,78,1939/12/5,既婚,山口県,041-114-9598,090-2536-9990,ソフトバンク,2016/04/03 8:13:04,2017/06/19 5:05:49,2018/02/15 2:49:29
5,菊地 玲那,きくち れな,kikuchi_rena@example.com,女,74,1944/1/25,既婚,石川県,0 -176-7558,080-1483-1308,au,2016/04/03 21:24:52,2017/06/27 0:30:05,
6,福永 エリカ,ふくなが えりか,fukunaga_erika@example.com,女,15,2003/3/1,未婚,群馬県,044-126-1625,090-7331-2725,au,2016/04/04 5:58:08,2017/06/28 1:22:46,
7,大場 コウ,おおば こう,ooba_kou@example.com,女,21,1996/11/17,既婚,茨城県,096-626-8314,090-4943-7490,ドコモ,2016/04/04 13:19:31,2017/06/11 12:04:27,
8,関 良介,せき りょうすけ,seki_ryousuke@example.com,男,73,1945/2/1,既婚,山形県,067-449-7923,080- 897-8170,ドコモ,2016/04/04 13:33:55,2017/06/04 23:42:41,
9,大崎 貴嶺,おおさき たかね,oosaki_takane@example.com,男,15,2002/11/5,未婚,東京都,068-549-9056,080-1914-6451,ドコモ,2016/04/05 10:34:32,2017/06/06 16:59:29,2018/01/03 0:58:26
10,広瀬 隆之介,ひろせ りゅうのすけ,hirose_ryuunosuke@example.com,男,84,1933/10/13,既婚,京都府,071-356- 759,090- 500-6876,ドコモ,2016/04/05 18:37:43,2017/06/29 19:50:04,2018/04/19 18:32:27
11,岩谷 ひとみ,いわたに ひとみ,iwatani_hitomi@example.com,女,95,1923/4/8,既婚,群馬県,028- 23-7661,090-1496-5836,ドコモ,2016/04/06 0:22:39,2017/06/24 0:24:57,2018/02/27 16:23:30
12,市田 良介,いちだ りょうすけ,ichida_ryousuke@example.com,男,15,2002/11/6,未婚,埼玉県,057-192-5262,080-2404- 824,ソフトバンク,2016/04/06 22:07:56,2017/06/22 14:08:03,
13,柳沢 莉緒,やなぎさわ りお,yanagisawa_rio@example.com,女,48,1969/4/29,既婚,東京都,0 3-103-8365,080-6886-8892,au,2016/04/07 10:48:23,2017/06/03 2:41:04,
14,生瀬 隆太,なませ りゅうた,namase_ryuuta@example.com,男,20,1998/3/20,未婚,愛知県,099-173-3020,090-1016-4397,ドコモ,2016/04/09 7:46:55,2017/06/29 22:59:44,
15,臼井 路子,うすい みちこ,usui_michiko@example.com,女,15,2002/7/14,未婚,東京都,064- 42-3933,090-1142-5114,ソフトバンク,2016/04/11 0:39:54,2017/06/02 21:53:53,2018/04/05 4:26:04
16,小野田 怜奈,おのだ れいな,onoda_reina@example.com,女,47,1970/10/5,既婚,神奈川県,030-736-4089,080-1510-8287,ドコモ,2016/04/11 1:31:02,2017/06/24 15:04:25,
17,今井 勇,いまい ゆう,imai_yuu@example.com,女,58,1959/9/3,既婚,山口県,017-935-1309,080-9225-1364,au,2016/04/12 9:33:40,2017/06/12 9:48:56,
18,山城 陽介,やましろ ようすけ,yamashiro_yousuke@example.com,男,13,2005/2/6,未婚,愛知県,0 4-882-1148,090-9760-2409,ドコモ,2016/04/12 17:58:35,2017/06/09 20:37:59,2017/12/20 12:51:18
19,細野 充則,ほその みつのり,hosono_mitsunori@example.com,男,42,1975/9/13,既婚,兵庫県,066-595-8325,090-5354-8326,ドコモ,2016/04/12 21:01:55,2017/06/03 12:00:54,2018/04/14 17:49:39
20,矢田 英嗣,やだ ひでつぐ,yada_hidetsugu@example.com,男,50,1967/7/22,既婚,東京都,038-301-9478,080-5269- 471,au,2016/04/12 21:27:31,2017/07/05 20:49:14,
21,竹田 右京,たけだ うきょう,takeda_ukyou@example.com,男,,,未婚,茨城県,0 4-723-8760,090-7024-6575,ドコモ,2016/04/13 7:20:12,2017/06/26 19:25:53,2018/04/10 7:58:23
22,中沢 研二,なかざわ けんじ,nakazawa_kenji@example.com,男,31,1986/8/31,既婚,東京都,087-578-3289,080-3807-7741,ドコモ,2016/04/14 3:13:26,2017/06/28 15:09:02,
23,堀口 さとみ,ほりぐち さとみ,horiguchi_satomi@example.com,女,24,1993/6/2,未婚,大分県,061-946-5532,090-3045-4972,ドコモ,2016/04/15 11:19:43,2017/07/07 20:21:10,2018/02/08 2:00:36
24,加瀬 龍吉,かせ りゅうきち,kase_ryuukichi@example.com,男,43,1974/8/28,既婚,千葉県,094-779-2211,090-2706-1963,au,2016/04/16 13:54:59,2017/06/16 12:24:01,2017/12/16 6:57:49
25,中島 佳乃,なかじま よしの,nakajima_yoshino@example.com,女,92,1925/12/4,既婚,岐阜県,074-940-5819,090-8681- 652,ドコモ,2016/04/17 1:08:52,2017/06/28 21:12:54,2018/01/17 7:43:10
26,野際 さとみ,のぎわ さとみ,nogiwa_satomi@example.com,女,29,1988/5/13,既婚,石川県,027-461-6875,090-9901-3902,ドコモ,2016/04/17 18:01:08,2017/06/05 17:17:40,2017/11/09 21:28:57
27,中 恭子,なか きょうこ,naka_kyouko@example.com,女,28,1989/11/18,既婚,山口県,078-481-2907,090-2431-7035,ドコモ,2016/04/17 23:30:25,2017/06/10 1:21:58,2018/02/04 13:52:18
28,児島 フミヤ,こじま ふみや,kojima_fumiya@example.com,男,70,1947/8/15,既婚,高知県,062-555-3965,080-1709-2295,ドコモ,2016/04/18 5:03:23,2017/07/04 11:29:08,2018/03/21 14:21:29
29,越智 知世,おち ちせ,ochi_chise@example.com,女,46,1971/12/7,既婚,兵庫県,017-837-1979,090-1776-1709,ドコモ,2016/04/22 6:52:39,2017/06/16 14:49:22,2017/11/02 11:16:58
30,福本 彩華,ふくもと あやか,fukumoto_ayaka@example.com,女,84,1934/3/20,既婚,千葉県,077-980-8454,090- 589-7525,ドコモ,2016/04/25 11:30:44,2017/06/04 13:57:12,
31,笠井 あや子,かさい あやこ,kasai_ayako@example.com,女,15,2002/10/22,未婚,愛知県,049-433-5259,090-4545-9207,ドコモ,2016/04/27 6:44:23,2017/06/05 20:03:48,2018/04/13 17:00:33
32,笹川 直人,ささがわ なおと,sasagawa_naoto@example.com,男,90,1927/7/19,既婚,鳥取県,010-655-7230,080-5292-8814,au,2016/04/27 14:40:18,2017/07/03 13:47:48,
33,新井 なつみ,あらい なつみ,arai_natsumi@example.com,女,17,2001/1/17,未婚,佐賀県,050-285- 500,080-3885-5977,ドコモ,2016/04/28 1:46:54,2017/06/05 8:53:07,
34,村田 玲那,むらた れな,murata_rena@example.com,女,49,1968/12/18,既婚,神奈川県,016-442-9398,080- 736-9271,ドコモ,2016/04/30 19:58:51,2017/06/28 17:44:25,2017/12/21 0:33:56
35,志村 恵望子,しむら えみこ,shimura_emiko@example.com,女,86,1931/6/13,既婚,東京都,078-518-4680,080-9030- 437,ソフトバンク,2016/05/01 7:03:11,2017/06/22 17:18:01,
36,西沢 かおり,にしざわ かおり,nishizawa_kaori@example.com,女,68,1949/10/3,既婚,愛知県,052-790-3286,090-8879-4881,au,2016/05/01 14:30:55,2017/06/07 0:48:17,2018/04/08 5:30:52
37,寺田 かおり,てらだ かおり,terada_kaori@example.com,女,88,1929/5/9,既婚,奈良県,029-690-2162,090-4928-6341,ドコモ,2016/05/01 16:57:19,2017/06/21 4:38:06,
38,大橋 しぼり,おおはし しぼり,oohashi_shibori@example.com,女,13,2005/3/4,未婚,東京都,090-121-4731,090- 937-6828,ドコモ,2016/05/02 3:32:40,2017/06/14 6:30:22,
39,志水 明慶,しみず あきよし,shimizu_akiyoshi@example.com,男,47,1970/5/11,既婚,青森県,010-238-4881,080-2463-7994,ソフトバンク,2016/05/02 16:18:10,2017/06/08 10:50:45,
40,早川 雅之,はやかわ まさゆき,hayakawa_masayuki@example.com,男,48,1970/1/18,既婚,山梨県,033-183-3988,080-4646-8930,ドコモ,2016/05/03 3:00:51,2017/06/24 19:46:39,
41,金田 獅童,かねだ しどう,kaneda_shidou@example.com,男,18,1999/7/1,未婚,茨城県,030-890-5414,090-5191-8501,au,2016/05/03 17:48:56,2017/06/20 5:31:32,
42,内藤 みき,ないとう みき,naitou_miki@example.com,女,46,1971/10/23,既婚,東京都,090-776-5618,090-9612-2729,au,2016/05/05 5:44:56,2017/06/19 10:45:34,
43,矢部 夏希,やべ なつき,yabe_natsuki@example.com,女,40,1978/3/14,既婚,愛媛県,093-982-3282,080-4923-4226,au,2016/05/05 6:46:19,2017/06/30 0:14:28,
44,松下 明宏,まつした あきひろ,matsushita_akihiro@example.com,男,57,1960/10/26,既婚,大阪府,0 2-654-2185,080-6775-4822,ドコモ,2016/05/06 6:15:18,2017/06/26 10:47:20,
45,菊地 耕司,きくち こうじ,kikuchi_kouji@example.com,男,37,1981/4/6,未婚,岩手県,0 8-311-6513,090-8009-2326,au,2016/05/06 8:34:17,2017/06/11 3:35:22,2018/03/23 7:27:18
46,柳 浩介,やなぎ こうすけ,yanagi_kousuke@example.com,男,98,1919/8/21,既婚,愛知県,071-841-6464,090-3256-5758,ドコモ,2016/05/06 14:49:33,2017/07/01 13:37:35,
47,菅原 洋介,すがわら ようすけ,sugawara_yousuke@example.com,男,91,1926/12/14,既婚,兵庫県,047-569-7314,090- 478-8721,ドコモ,2016/05/07 7:40:45,2017/06/16 1:20:32,
48,伊藤 美和子,いとう みわこ,itou_miwako@example.com,女,18,1999/7/31,未婚,北海道,0 2-732-9244,080-6367-6336,ドコモ,2016/05/07 21:11:30,2017/06/18 10:34:50,2017/11/09 7:20:28
49,浅沼 ノブヒコ,あさぬま のぶひこ,asanuma_nobuhiko@example.com,男,88,1930/1/6,既婚,鳥取県,096-702-3861,080-1300-6265,ドコモ,2016/05/08 15:03:15,2017/06/01 13:58:57,2017/11/17 8:31:03
50,寺尾 明日,てらお めいび,,女,73,1944/7/5,既婚,青森県,079-860-5013,090-4321-7611,ドコモ,2016/05/08 16:35:20,2017/06/07 17:21:37,
51,柳 コウ,やなぎ こう,yanagi_kou@example.com,女,94,1923/11/17,既婚,宮崎県,085-516- 861,090-1949-3505,ドコモ,2016/05/08 19:40:45,2017/06/30 22:26:10,
52,山岡 あき,やまおか あき,yamaoka_aki@example.com,女,26,1991/10/10,既婚,神奈川県,021-454-8011,080-5666- 372,au,2016/05/10 15:02:37,2017/06/30 9:07:05,2018/02/20 18:17:31
53,谷 一代,たに かずよ,tani_kazuyo@example.com,女,81,1936/8/2,既婚,千葉県,064-331-5183,080-5027-7903,au,2016/05/12 17:35:00,2017/06/17 6:59:35,2017/11/21 8:30:57
54,柴田 那奈,しばた なな,shibata_nana@example.com,女,67,1950/9/17,既婚,福島県,090-559-9504,080-4258- 157,ドコモ,2016/05/13 14:29:57,2017/06/20 11:07:06,2017/12/10 11:10:22
55,大倉 有起哉,おおくら ゆきや,ookura_yukiya@example.com,男,48,1969/9/20,既婚,北海道,053-248-9618,080-8619-6806,ドコモ,2016/05/15 7:39:05,2017/07/06 11:10:44,
56,末永 悟志,すえなが さとし,suenaga_satoshi@example.com,男,49,1968/4/30,既婚,埼玉県,035-951-5981,080-5250-7736,au,2016/05/16 5:48:37,2017/06/02 16:36:33,
57,河野 優一,こうの ゆういち,kouno_yuuichi@example.com,男,92,1925/7/24,既婚,岩手県,095-277- 689,080-4471- 693,ドコモ,2016/05/16 17:30:42,2017/07/01 14:51:03,2018/02/08 9:53:27
58,入江 崇史,いりえ たかし,irie_takashi@example.com,男,17,2000/9/9,未婚,北海道,062-448-2950,090-4851-7934,ソフトバンク,2016/05/17 9:40:50,2017/06/10 14:39:42,
59,亀井 恵望子,かめい えみこ,kamei_emiko@example.com,女,94,1923/7/16,既婚,千葉県,055-344-7308,080-5798- 491,ドコモ,2016/05/19 22:42:18,2017/07/07 14:49:05,
60,宮川 まなみ,みやかわ まなみ,miyakawa_manami@example.com,女,79,1938/12/23,既婚,石川県,056-402-9373,090- 778-7868,ドコモ,2016/05/21 1:23:26,2017/06/25 21:35:40,
61,金山 公顕,かなやま きみあき,kanayama_kimiaki@example.com,男,28,1990/4/19,未婚,福井県,064-781-2851,080-1650-9699,au,2016/05/23 3:30:55,2017/06/09 17:31:18,
62,坂下 優一,さかした ゆういち,sakashita_yuuichi@example.com,男,55,1962/6/13,既婚,静岡県,018-735-5236,090- 650-9620,ドコモ,2016/05/23 18:32:22,2017/06/14 7:37:27,
63,小木 愛,おぎ あい,ogi_ai@example.com,女,91,1927/1/11,既婚,福岡県,063-482-6060,080- 271-8035,ドコモ,2016/05/24 17:10:03,2017/06/03 20:05:00,2018/03/28 16:10:01
64,三浦 裕司,みうら ゆうじ,miura_yuuji@example.com,男,20,1997/6/11,既婚,長崎県,0 3- 92-7776,080- 715-6057,au,2016/05/25 16:41:49,2017/06/30 15:17:33,
65,伊藤 鉄洋,いとう てつひろ,itou_tetsuhiro@example.com,男,87,1930/11/30,既婚,島根県,0 -540-9768,080-3648-6106,ソフトバンク,2016/05/26 10:37:56,2017/06/05 4:50:00,
66,楠 はじめ,くすのき はじめ,kusunoki_hajime@example.com,男,63,1954/7/24,既婚,滋賀県,059-936-9825,080-2835-3421,ドコモ,2016/05/27 5:43:33,2017/06/26 15:07:56,2018/04/18 3:27:36
67,倉本 小雁,くらもと こがん,kuramoto_kogan@example.com,男,77,1940/10/2,既婚,大阪府,014- 12- 496,080- 514-7983,ドコモ,2016/05/27 10:14:24,2017/06/07 2:56:33,
68,阿井 美咲,あい みさき,ai_misaki@example.com,女,59,1958/11/20,未婚,兵庫県,025- 35-3379,080-6129-5270,ドコモ,2016/06/01 2:09:40,2017/07/06 16:58:00,2018/01/21 9:24:01
69,松村 真一,まつむら しんいち,matsumura_shinichi@example.com,男,13,2004/10/2,未婚,東京都,029-980- 699,090-8849-6535,ドコモ,2016/06/01 9:41:53,2017/06/25 6:15:32,
70,西川 勇介,にしかわ ゆうすけ,,,71,1946/5/14,既婚,神奈川県,011-265-2508,090-3591- 518,ドコモ,2016/06/02 23:04:44,2017/06/11 14:24:02,
71,吉田 健,よしだ けん,yoshida_ken@example.com,男,26,1991/7/27,既婚,兵庫県,014-934-2973,090-2557-7468,ドコモ,2016/06/04 7:12:55,2017/06/20 2:11:33,
72,神崎 恭子,かんざき きょうこ,kanzaki_kyouko@example.com,女,88,1929/10/16,既婚,北海道,027-471-6784,090- 926-3738,au,2016/06/05 15:34:54,2017/06/12 10:43:29,2018/01/27 2:40:45
73,尾上 一輝,おがみ かずき,ogami_kazuki@example.com,男,92,1926/4/12,既婚,山口県,025-468-9795,080-7949-1774,ドコモ,2016/06/06 13:11:06,2017/06/12 3:11:09,
74,白鳥 聖陽,しらとり まさあき,shiratori_masaaki@example.com,男,19,1998/8/4,未婚,広島県,044- 85-2116,080-7242-9600,au,2016/06/10 23:09:47,2017/06/02 12:15:25,
75,藤山 ノブヒコ,ふじやま のぶひこ,fujiyama_nobuhiko@example.com,男,15,2003/4/14,未婚,岡山県,034-764-9753,090-6361-1086,ドコモ,2016/06/11 12:59:40,2017/06/04 19:37:49,2018/01/13 11:37:32
76,坂本 直人,さかもと なおと,sakamoto_naoto@example.com,男,42,1976/1/21,既婚,秋田県,056-562-1119,080-3043-1412,ドコモ,2016/06/11 19:00:02,2017/06/23 22:15:12,2018/03/30 9:13:33
77,柏木 真悠子,かしわぎ まゆこ,kashiwagi_mayuko@example.com,女,70,1947/9/27,既婚,大阪府,055-830-6594,080-5742-9437,ドコモ,2016/06/12 0:06:19,2017/07/07 9:00:09,
78,有田 七世,ありた ななせ,arita_nanase@example.com,女,23,1995/2/3,未婚,長崎県,022-828-2402,080- 424-9153,ドコモ,2016/06/13 21:19:15,2017/06/28 10:43:12,
79,小杉 聡,こすぎ さとし,kosugi_satoshi@example.com,男,61,1956/5/17,既婚,東京都,018-205-3126,090-1691-5314,au,2016/06/13 23:28:39,2017/06/06 15:21:02,
80,柴崎 俊介,しばざき しゅんすけ,shibazaki_shunsuke@example.com,男,52,1965/9/30,未婚,茨城県,072-299-7742,090-9925-5525,ドコモ,2016/06/14 2:39:07,2017/06/26 17:26:21,
81,古賀 優,こが ゆう,koga_yuu@example.com,男,88,1929/9/20,既婚,愛知県,032-173-3852,090-5471- 963,ドコモ,2016/06/14 4:24:03,2017/06/21 23:04:05,2017/11/29 20:24:07
82,手島 さやか,てじま さやか,tejima_sayaka@example.com,女,60,1957/5/8,既婚,三重県,0 4-419-6740,090-8780- 810,ドコモ,2016/06/15 14:44:29,2017/06/09 13:25:48,2017/11/01 13:24:26
83,海音寺 エリカ,かいおんじ えりか,kaionji_erika@example.com,女,24,1993/12/25,未婚,栃木県,092-867-2504,080- 991-6674,ドコモ,2016/06/15 22:41:04,2017/07/04 3:19:57,2017/11/13 22:32:31
84,有賀 千夏,ありが ちなつ,ariga_chinatsu@example.com,女,23,1994/12/5,未婚,千葉県,053-461-9842,090-4404-5821,ドコモ,2016/06/16 2:36:09,2017/06/18 9:30:51,
85,有村 ひとり,ありむら ひとり,arimura_hitori@example.com,男,48,1969/7/2,既婚,青森県,020- 23-2099,090-2423-9461,au,2016/06/17 13:11:38,2017/06/10 18:21:05,2018/03/26 0:59:44
86,高山 弘也,たかやま ひろなり,takayama_hironari@example.com,男,16,2001/9/22,未婚,神奈川県,084-684-7105,090- 82-2671,ドコモ,2016/06/17 17:30:52,2017/06/29 15:44:13,2017/11/17 6:56:56
87,松岡 徹,まつおか とおる,matsuoka_tohru@example.com,男,67,1950/9/24,既婚,神奈川県,056-568-2549,080-8282-7843,ドコモ,2016/06/17 22:13:09,2017/06/30 6:59:49,
88,笹川 ケンイチ,ささがわ けんいち,sasagawa_kenichi@example.com,男,52,1965/6/22,既婚,東京都,010-203-2623,090- 154-1380,ソフトバンク,2016/06/19 13:32:53,2017/06/04 14:34:25,
89,岡本 蒼甫,おかもと そうすけ,okamoto_sousuke@example.com,男,96,1922/3/25,既婚,青森県,039-378-9948,080-1406-1315,au,2016/06/19 22:08:38,2017/06/08 5:36:19,
90,高井 長利,たかい ながとし,takai_nagatoshi@example.com,男,58,1959/5/28,既婚,熊本県,056-926-6876,090-4026-6128,ドコモ,2016/06/21 4:41:30,2017/06/01 16:59:17,
91,尾崎 惇,おざき じゅん,ozaki_jun@example.com,男,33,1984/11/11,既婚,長野県,0 7- 35- 349,080-8707-8822,au,2016/06/21 19:52:59,2017/06/17 6:39:32,
92,大沼 聡,おおぬま さとし,oonuma_satoshi@example.com,男,33,1984/5/10,既婚,兵庫県,033- 88-6669,090-2890-5865,au,2016/06/23 10:10:08,2017/06/24 12:53:22,
93,山本 小雁,やまもと こがん,yamamoto_kogan@example.com,男,74,1944/1/24,既婚,千葉県,0 4-701-4953,090-6970-7296,ドコモ,2016/06/23 18:43:56,2017/06/26 13:25:37,
94,松原 勝久,まつばら かつひさ,matsubara_katsuhisa@example.com,男,90,1928/3/21,既婚,静岡県,010-999-8336,080-9425-2579,ドコモ,2016/06/24 14:35:34,2017/06/18 16:17:34,
95,今 璃子,いま りこ,ima_riko@example.com,女,32,1985/7/7,既婚,青森県,018-625-7524,090-5327-6116,ドコモ,2016/06/25 10:02:01,2017/06/15 4:56:04,2017/11/19 5:29:21
96,宮本 沙知絵,みやもと さちえ,miyamoto_sachie@example.com,女,25,1992/5/28,既婚,茨城県,039-747-5702,080-3361-1378,ドコモ,2016/06/27 3:25:35,2017/06/18 1:42:25,2017/11/22 5:39:50
97,藤村 瑠璃亜,ふじむら るりあ,fujimura_ruria@example.com,女,60,1957/12/12,既婚,島根県,034-217-7792,080-7984-9720,ドコモ,2016/06/28 14:31:17,2017/06/30 0:00:05,
98,柴山 健,しばやま けん,shibayama_ken@example.com,男,98,1919/9/2,既婚,鹿児島県,057-562-8399,090-2700-2608,au,2016/06/29 15:07:51,2017/06/26 0:17:53,
99,藤村 景子,ふじむら けいこ,fujimura_keiko@example.com,女,91,1926/10/27,既婚,兵庫県,099-674-7150,080-4675-9093,ドコモ,2016/07/01 10:04:29,2017/06/10 18:14:58,2018/01/09 6:43:52
100,緒形 綾,おがた あや,ogata_aya@example.com,女,68,1949/11/11,既婚,埼玉県,020-109-4478,090-8491-9548,ソフトバンク,2016/07/02 10:56:36,2017/06/25 7:15:42,
101,木内 由宇,きうち ゆう,kiuchi_yuu@example.com,女,62,1955/5/16,既婚,広島県,029-152-7583,090- 364-9582,ドコモ,2016/07/02 13:30:51,2017/06/15 21:39:50,2018/02/23 21:19:33
102,三上 明,みかみ あきら,mikami_akira@example.com,男,25,1993/1/18,既婚,福岡県,043-698-5403,080-8976- 462,ドコモ,2016/07/03 21:29:03,2017/06/16 21:04:35,2017/11/22 11:20:04
103,井口 サンタマリア,いぐち さんたまりあ,iguchi_stmaria@example.com,男,29,1988/11/8,既婚,愛知県,050-549-8206,090-5890-1936,ドコモ,2016/07/03 23:00:18,2017/06/24 9:39:59,
104,平尾 敏也,ひらお としや,hirao_toshiya@example.com,男,83,1934/7/6,既婚,熊本県,0 1-164-1347,080-5943-5068,au,2016/07/04 10:00:31,2017/07/03 18:50:42,2017/11/09 11:19:54
105,喜多 まみ,きた まみ,kita_mami@example.com,女,66,1951/11/15,既婚,兵庫県,031-827-9538,090-6729-5212,ドコモ,2016/07/04 15:12:16,2017/07/05 14:40:19,2018/01/10 21:36:46
106,大山 満,おおやま みつる,ooyama_mitsuru@example.com,男,46,1972/1/30,既婚,大分県,018-677-2873,080-4873-2764,au,2016/07/05 22:51:52,2017/06/29 20:16:50,
107,中里 勝久,なかざと かつひさ,nakazato_katsuhisa@example.com,男,56,1961/7/27,既婚,広島県,039-709-6809,080-7855-8776,ドコモ,2016/07/07 17:09:00,2017/06/21 20:49:42,2018/01/17 15:24:34
108,勝地 浩介,かつぢ こうすけ,katsudi_kousuke@example.com,男,52,1965/5/23,既婚,茨城県,018-344-4662,090-7799-5729,ドコモ,2016/07/09 21:58:50,2017/06/25 22:59:00,2017/12/28 18:33:12
109,上条 慶太,かみじょう けいた,kamijou_keita@example.com,男,19,1999/4/19,未婚,東京都,061-887-4090,090-6552-4581,ドコモ,2016/07/10 16:39:46,2017/06/04 11:33:15,
110,河田 雅之,かわた まさゆき,kawata_masayuki@example.com,男,15,2003/4/9,未婚,京都府,094-428-7077,080-8996-4877,au,2016/07/10 23:52:43,2017/06/01 1:11:54,2018/01/19 20:09:15
111,若槻 友也,わかつき ともや,wakatsuki_tomoya@example.com,男,86,1931/7/8,既婚,神奈川県,022-662-5402,090-7976-1673,ソフトバンク,2016/07/11 23:24:11,2017/06/12 6:26:25,2017/11/19 8:34:11
112,金森 さやか,かなもり さやか,kanamori_sayaka@example.com,女,40,1977/8/25,既婚,埼玉県,0 4-919-7173,080-3975-2099,ソフトバンク,2016/07/12 4:49:52,2017/06/19 5:39:56,2018/02/24 13:43:39
113,浜 みゆき,はま みゆき,hama_miyuki@example.com,女,68,1949/4/29,既婚,埼玉県,047-116-8210,080-2026-7797,ドコモ,2016/07/12 8:51:50,2017/06/13 1:25:44,
114,中原 惇,なかはら あつし,nakahara_atsushi@example.com,男,66,1951/6/22,既婚,愛知県,016-309-6935,090-4526-1938,ドコモ,2016/07/12 12:16:47,2017/06/02 4:03:48,2017/12/05 0:32:25
115,関口 エリカ,せきぐち えりか,sekiguchi_erika@example.com,女,63,1954/9/21,既婚,山口県,067-689-5024,080- 238-2869,au,2016/07/12 18:34:34,2017/06/12 11:58:44,2018/04/02 13:43:01
116,石原 里奈,いしはら りな,ishihara_rina@example.com,女,63,1954/7/9,既婚,福岡県,016-962-2542,090-8249-4925,ドコモ,2016/07/13 18:18:57,2017/07/04 3:58:37,
117,浜崎 聖陽,はまさき まさあき,hamasaki_masaaki@example.com,男,28,1990/1/28,未婚,北海道,043-823- 733,090-4744-9078,ドコモ,2016/07/13 18:49:32,2017/06/11 8:29:19,2017/11/10 13:57:16
118,長浜 妃里,ながはま ゆり,nagahama_yuri@example.com,女,95,1922/12/14,既婚,東京都,027-738-1833,080-5285-5678,au,2016/07/13 21:38:58,2017/06/10 17:22:52,2018/01/28 10:25:57
119,片桐 和久,かたぎり かずひさ,katagiri_kazuhisa@example.com,男,23,1994/8/23,未婚,新潟県,0 4-735-5199,090-4719-7424,ドコモ,2016/07/14 1:17:28,2017/06/06 2:50:22,
120,伊丹 桃子,いたみ ももこ,itami_momoko@example.com,女,34,1984/3/20,未婚,愛知県,026-463-9972,080-5706-3249,au,2016/07/14 5:11:06,2017/06/14 13:15:37,
121,田代 たまき,たしろ たまき,tashiro_tamaki@example.com,女,52,1966/4/17,既婚,三重県,029-655- 750,090-3727-5195,au,2016/07/15 22:02:17,2017/07/01 15:54:21,2018/02/10 2:35:18
122,塩見 真悠子,しおみ まゆこ,shiomi_mayuko@example.com,女,21,1996/9/20,既婚,兵庫県,073-521-7105,080-7056- 653,ツーカー,2016/07/16 5:09:05,2017/06/08 11:17:07,2018/01/26 9:24:55
123,畠山 長利,はたやま ながとし,hatayama_nagatoshi@example.com,男,56,1961/12/17,既婚,岩手県,099-778-9993,080- 486-1635,ドコモ,2016/07/17 0:20:28,2017/06/14 6:23:16,
124,小野寺 進,おのでら すすむ,onodera_susumu@example.com,男,57,1960/6/26,既婚,神奈川県,071-738-6413,080-6649-6578,ソフトバンク,2016/07/18 7:46:37,2017/06/21 14:18:21,
125,大西 聡,おおにし さとし,oonishi_satoshi@example.com,男,25,1992/12/15,未婚,神奈川県,043-521-1291,080-6405-7285,ドコモ,2016/07/19 20:04:00,2017/06/24 23:23:16,
126,皆川 孝太郎,みなかわ こうたろう,minakawa_koutarou@example.com,男,87,1930/8/16,既婚,神奈川県,027-929-6630,090-1189-5614,au,2016/07/20 2:59:57,2017/07/05 13:35:16,
127,中西 秀樹,なかにし ひでき,nakanishi_hideki@example.com,男,48,1969/10/27,既婚,山口県,064-480-2451,090-7932-8298,ドコモ,2016/07/20 6:50:00,2017/06/01 6:29:25,
128,織田 有海,おだ あみ,oda_ami@example.com,女,79,1938/8/13,既婚,東京都,050-803-9815,080- 252-1201,ソフトバンク,2016/07/20 17:13:19,2017/06/12 15:01:00,2018/01/31 20:27:12
129,熊井 里奈,くまい りな,kumai_rina@example.com,女,54,1963/7/2,未婚,京都府,013- 97-2136,090- 206-1793,ドコモ,2016/07/20 17:42:48,2017/06/09 14:23:01,2017/12/24 21:16:08
130,高樹 綾女,たかぎ あやめ,takagi_ayame@example.com,女,38,1979/8/21,既婚,埼玉県,031-200-2046,080-9082-5091,au,2016/07/25 19:39:46,2017/06/28 18:14:15,
131,沼田 めぐみ,ぬまた めぐみ,numata_megumi@example.com,女,60,1957/9/4,既婚,大阪府,094-131-1882,080-1050- 949,ドコモ,2016/07/28 4:13:51,2017/07/06 2:26:25,
132,深井 佑,ふかい たすく,fukai_tasuku@example.com,男,56,1962/1/11,既婚,長野県,088-564-4381,080-2673-7663,ツーカー,2016/07/28 21:22:45,2017/06/18 23:27:29,
133,石沢 砂羽,いしざわ さわ,ishizawa_sawa@example.com,女,43,1974/6/10,既婚,石川県,071-992-8571,080-5376-9044,ソフトバンク,2016/07/29 18:23:06,2017/06/28 0:18:06,
134,伊崎 樹里,いさき じゅり,isaki_juri@example.com,女,40,1978/1/3,既婚,滋賀県,091- 95-9872,080-1381- 565,ソフトバンク,2016/07/31 4:46:50,2017/07/05 2:42:02,
135,諏訪 未華子,すわ みかこ,suwa_mikako@example.com,女,56,1962/1/13,既婚,福島県,073-151-7908,080-5570-4495,au,2016/08/01 6:06:41,2017/06/13 20:17:21,2018/03/20 8:23:09
136,島津 杏,しまづ あん,shimadu_ann@example.com,女,61,1956/12/19,既婚,岐阜県,072-269-5962,080- 386-2128,ドコモ,2016/08/01 14:25:53,2017/06/12 11:22:59,2018/03/16 18:47:25
137,荻原 七世,はぎわら ななせ,hagiwara_nanase@example.com,女,46,1971/11/18,既婚,愛知県,068-929-2169,080-2948-2763,ドコモ,2016/08/01 19:56:36,2017/07/02 17:53:10,
138,丹羽 優,たんば ゆう,tannba_yuu@example.com,男,86,1931/6/18,既婚,栃木県,0 8-718-4239,090-1557-8980,ドコモ,2016/08/03 0:33:02,2017/06/08 14:11:03,
139,坂井 夏希,さかい なつき,sakai_natsuki@example.com,女,36,1982/1/15,既婚,埼玉県,0 2-462-8377,090-2163-2990,ドコモ,2016/08/04 12:54:31,2017/07/05 1:43:53,2017/12/25 18:04:44
140,浅野 右京,あさの うきょう,asano_ukyou@example.com,男,13,2004/10/31,未婚,兵庫県,044-883-3321,090- 218-9691,ドコモ,2016/08/04 17:49:23,2017/06/14 16:28:39,
141,滝田 祐基,たきた ゆうき,takita_yuuki@example.com,男,44,1973/12/4,既婚,兵庫県,022-206-2039,090-1622-5302,au,2016/08/04 18:16:31,2017/06/22 12:51:43,2018/03/25 5:39:46
142,上原 くるみ,うえはら くるみ,uehara_kurumi@example.com,女,18,2000/3/19,未婚,兵庫県,063-883-6658,090-5264-4158,ドコモ,2016/08/04 22:10:21,2017/06/23 2:19:20,2018/03/14 22:30:23
143,大和 圭,やまと けい,yamato_kei@example.com,男,77,1940/7/4,既婚,愛媛県,029- 12-9196,090-6689-4821,au,2016/08/06 21:34:19,2017/07/02 23:40:29,2017/12/01 1:55:02
144,青山 恵子,あおやま けいこ,aoyama_keiko@example.com,女,50,1967/9/14,既婚,大阪府,035-252-7774,080-3473-3938,ソフトバンク,2016/08/06 22:22:21,2017/06/29 6:29:27,2018/04/06 12:46:37
145,伊沢 隼士,いざわ しゅんじ,izawa_shunji@example.com,男,48,1970/3/18,既婚,福岡県,013-503-3478,080-2216-4722,ドコモ,2016/08/07 2:18:24,2017/06/10 1:36:58,
146,神木 仁晶,かみき ひろあき,kamiki_hiroaki@example.com,男,21,1996/10/28,未婚,栃木県,069-914-6673,090-9606- 512,ソフトバンク,2016/08/08 4:13:23,2017/06/17 11:04:55,
147,川原 右京,かわはら うきょう,kawahara_ukyou@example.com,男,87,1930/7/2,既婚,神奈川県,028-438- 218,090-2822-6599,ツーカー,2016/08/09 19:14:46,2017/06/01 17:26:59,2017/11/29 16:57:59
148,仲田 一恵,なかた かづえ,nakata_kadue@example.com,女,34,1984/4/13,既婚,茨城県,099-275-8798,090-6412-8460,ドコモ,2016/08/09 22:18:31,2017/06/23 14:32:29,2017/11/15 4:25:03
149,村井 まさみ,むらい まさみ,murai_masami@example.com,女,47,1971/4/6,既婚,三重県,028-757-5992,090- 579-1311,ドコモ,2016/08/10 9:18:03,2017/06/29 17:34:59,2017/12/23 10:22:51
150,熊田 美佐,くまだ みさ,kumada_misa@example.com,女,30,1988/3/9,既婚,東京都,098- 59-3997,090-9512-4660,ソフトバンク,2016/08/12 17:46:10,2017/06/07 0:28:20,
151,宮地 兼,みやじ けん,miyaji_ken@example.com,男,91,1926/12/15,既婚,愛知県,069-122-6436,080-2519-5116,au,2016/08/14 6:55:07,2017/06/04 4:42:45,2018/02/14 11:10:30
152,大西 竜也,おおにし たつや,oonishi_tatsuya@example.com,男,60,1958/3/30,既婚,岡山県,058-433-1123,090-9978-2960,au,2016/08/15 2:02:13,2017/06/21 12:29:49,
153,佐古 晴臣,さこ はるおみ,sako_haruomi@example.com,男,33,1984/5/3,既婚,宮城県,082-695- 168,090- 217-9585,ドコモ,2016/08/15 20:33:22,2017/06/02 8:46:55,
154,神崎 将也,かんざき まさや,kanzaki_masaya@example.com,男,75,1942/6/4,既婚,福岡県,033-881- 399,080-6488-7471,ドコモ,2016/08/16 1:04:15,2017/06/02 22:19:43,2018/01/15 11:50:32
155,中沢 ひかり,なかざわ ひかり,nakazawa_hikari@example.com,女,52,1966/2/28,既婚,新潟県,024-766-8134,090-5872-2035,ドコモ,2016/08/16 17:38:12,2017/06/12 12:16:25,
156,井沢 ひかり,いざわ ひかり,izawa_hikari@example.com,女,24,1993/10/7,既婚,愛知県,0 5-258-5273,080-7754-1135,au,2016/08/16 20:29:34,2017/06/13 17:59:28,2017/12/15 23:58:19
157,春日 一恵,かすが かづえ,kasuga_kadue@example.com,女,80,1937/5/15,既婚,奈良県,029-588-6050,090-9280-6585,ツーカー,2016/08/17 14:06:28,2017/07/06 2:59:56,
158,東 景子,ひがし けいこ,higashi_keiko@example.com,女,64,1953/6/10,既婚,静岡県,014-932-3899,080-6506-5280,ドコモ,2016/08/17 22:02:55,2017/06/02 9:48:38,
159,井原 真奈美,いはら まなみ,ihara_manami@example.com,女,21,1996/12/21,未婚,福岡県,081-963-3796,080-2647-4515,ドコモ,2016/08/19 3:04:15,2017/06/15 18:56:57,2018/02/16 0:32:27
160,六角 ヒカル,ろっかく ひかる,rokkaku_hikaru@example.com,女,39,1979/2/24,既婚,徳島県,089-293-3005,090-9865-3518,ドコモ,2016/08/21 3:12:20,2017/06/14 5:12:09,
161,浅田 啓介,あさだ けいすけ,asada_keisuke@example.com,男,72,1945/10/28,既婚,福岡県,012-651-1630,080-8904-6413,au,2016/08/22 6:19:36,2017/06/21 22:09:01,2018/01/05 4:40:14
162,志村 さゆり,しむら さゆり,shimura_sayuri@example.com,女,61,1956/8/24,既婚,大阪府,014-643-6274,080-9429-2448,au,2016/08/23 11:09:57,2017/06/26 14:21:54,
163,北条 豊,ほうじょう ゆたか,houjou_yutaka@example.com,男,31,1987/2/12,未婚,愛知県,058-725-1399,090-3371-6630,au,2016/08/24 12:33:19,2017/06/19 14:08:34,2018/03/21 3:06:37
164,松元 詩織,まつもと しおり,matsumoto_shiori@example.com,女,36,1981/6/15,既婚,東京都,0 4-825-4453,090-5308-9696,au,2016/08/25 1:38:52,2017/06/02 14:01:03,2017/11/11 12:26:09
165,妹尾 南朋,せお なお,seo_nao@example.com,女,85,1933/2/22,既婚,静岡県,027-685-8096,090- 480-7673,au,2016/08/25 1:39:03,2017/06/06 17:25:07,
166,熊倉 ひろみ,くまくら ひろみ,kumakura_hiromi@example.com,女,63,1955/4/1,既婚,長崎県,0 7-802-3767,090-1991-9867,au,2016/08/25 2:19:07,2017/06/07 10:45:47,
167,西浦 遥,にしうら はるか,nishiura_haruka@example.com,女,44,1973/7/26,既婚,島根県,048-990-5571,080-6853-3055,au,2016/08/25 17:46:38,2017/07/06 17:04:47,
168,早坂 丈史,はやさか たけし,hayasaka_takeshi@example.com,男,29,1988/12/17,既婚,奈良県,015-515-9069,090-1970-3238,ソフトバンク,2016/08/25 20:34:06,2017/06/22 4:28:04,2018/03/24 7:10:04
169,藤原 雅彦,ふじわら まさひこ,fujiwara_masahiko@example.com,男,91,1927/1/16,既婚,群馬県,078-261-4472,090-6420-3188,ドコモ,2016/08/26 13:04:24,2017/06/24 21:31:06,
170,向井 希,むらい のぞみ,murai_nozomi@example.com,女,73,1944/5/18,既婚,大阪府,084-596-7604,080-1709-3195,ドコモ,2016/08/27 7:43:57,2017/06/21 5:53:43,
171,杉野 友香,すぎの ともか,sugino_tomoka@example.com,女,26,1992/3/12,既婚,埼玉県,026-932-4612,080-5653-8039,au,2016/08/31 12:02:57,2017/06/22 9:53:18,2017/12/26 1:00:35
172,菅野 瞳,すがの ひとみ,sugano_hitomi@example.com,女,54,1963/9/22,既婚,千葉県,026-552- 447,090-3242-3236,ドコモ,2016/08/31 18:54:35,2017/06/11 20:45:44,
173,彼方 ジローラモ,かなた じろーらも,kanata_girolamo@example.com,男,71,1947/1/28,既婚,大阪府,029-103-1799,090-3871-5366,ドコモ,2016/09/02 14:38:43,2017/06/30 9:20:18,2017/12/24 20:24:22
174,武藤 雅之,むとう まさゆき,mutou_masayuki@example.com,男,17,2001/3/27,未婚,福岡県,099- 59-4848,080-6009-3226,au,2016/09/04 15:40:25,2017/06/25 5:57:56,
175,浜田 結子,はまだ ゆうこ,hamada_yuuko@example.com,女,45,1972/11/16,既婚,岩手県,068-682-5031,080-4600-4909,ソフトバンク,2016/09/06 2:18:41,2017/06/11 23:20:39,2018/01/24 3:33:31
176,平松 れいな,ひらまつ れいな,hiramatsu_reina@example.com,女,44,1973/10/24,既婚,北海道,025-871- 771,090-4692-3399,ドコモ,2016/09/07 5:54:21,2017/07/02 12:08:46,2018/03/31 16:27:17
177,亀田 一樹,かめだ かずき,kameda_kazuki@example.com,男,93,1925/1/17,既婚,兵庫県,095-930-7298,080- 732-4915,ソフトバンク,2016/09/07 22:08:42,2017/06/24 13:51:14,2017/12/08 1:46:56
178,市川 祐一,いちかわ ゆういち,ichikawa_yuuichi@example.com,男,42,1976/3/25,既婚,神奈川県,010-225-5820,080-2794-3201,au,2016/09/13 11:19:43,2017/07/01 8:32:06,
179,南 美智子,みなみ みちこ,minami_michiko@example.com,女,95,1922/8/27,既婚,山梨県,074-759- 564,080-8698-5113,ドコモ,2016/09/14 2:56:56,2017/06/30 20:27:25,
180,沢 栄一,さわ えいいち,,,50,1967/7/27,既婚,大阪府,020-333-2754,080-9146-5919,ドコモ,2016/09/17 2:22:59,2017/06/04 21:09:36,
181,大高 杏,おおだか あん,oodaka_ann@example.com,女,62,1955/10/26,既婚,埼玉県,026- 86-2520,080-4995-7867,ドコモ,2016/09/18 6:11:48,2017/06/23 23:59:52,
182,細川 真悠子,ほそかわ まゆこ,hosokawa_mayuko@example.com,女,79,1938/12/21,既婚,神奈川県,090- 32-8477,080-8424-8966,ドコモ,2016/09/19 7:18:33,2017/07/07 4:07:46,2017/11/29 13:21:47
183,福永 杏,ふくなが あん,fukunaga_ann@example.com,女,96,1921/8/23,既婚,東京都,0 8-981-9868,080-7134-9795,au,2016/09/19 7:40:40,2017/06/10 22:51:19,
184,赤坂 高史,あかさか たかし,akasaka_takashi@example.com,男,51,1966/7/5,未婚,兵庫県,025-669-2669,090-1760- 278,ソフトバンク,2016/09/19 17:47:36,2017/06/25 12:47:35,2018/01/15 9:19:54
185,秋元 育子,あきもと いくこ,akimoto_ikuko@example.com,女,38,1979/7/14,既婚,福岡県,069-680-9171,080-5893-5253,ソフトバンク,2016/09/20 8:03:03,2017/06/07 17:10:52,
186,若山 慶太,わかやま けいた,wakayama_keita@example.com,男,53,1964/12/23,既婚,広島県,060-577-1643,080- 901-1277,ドコモ,2016/09/20 18:41:14,2017/07/04 9:25:21,
187,長瀬 翔,ながせ しょう,nagase_shou@example.com,男,47,1971/2/8,既婚,群馬県,0 7-945-2274,090- 698-2440,au,2016/09/22 18:36:07,2017/06/20 17:27:42,
188,三浦 広之,みうら ひろゆき,miura_hiroyuki@example.com,男,76,1942/1/23,既婚,広島県,027-534-4041,080- 725-7270,ドコモ,2016/09/22 20:58:41,2017/06/24 11:07:10,
189,永瀬 明日,ながせ めいび,nagase_meibi@example.com,女,95,1922/10/24,既婚,愛知県,070-991-9033,090-8308-5435,ドコモ,2016/09/23 11:59:52,2017/06/07 17:23:19,
190,平井 真希,ひらい まき,hirai_maki@example.com,女,,,既婚,三重県,066-267-1114,090-4149-1068,au,2016/09/25 8:09:23,2017/06/23 20:49:13,2018/02/03 0:32:41
191,池田 聡,いけだ さとし,ikeda_satoshi@example.com,男,48,1969/7/3,既婚,福岡県,072-994- 462,090-6017-2865,ドコモ,2016/09/25 16:44:14,2017/06/01 17:31:34,
192,中原 りえ,なかはら りえ,nakahara_rie@example.com,女,97,1920/5/1,既婚,愛知県,0 6-621-2965,090-3045-9961,ドコモ,2016/09/26 22:40:43,2017/06/19 8:46:12,2017/12/04 7:57:38
193,丹羽 夏希,たんば なつき,tannba_natsuki@example.com,女,97,1920/8/1,既婚,広島県,023-908- 974,090-1675-5517,au,2016/09/27 22:15:50,2017/06/29 20:26:38,
194,宮川 サンタマリア,みやかわ さんたまりあ,miyakawa_stmaria@example.com,女,42,1976/2/7,既婚,広島県,018-766-5820,080-1417-2799,au,2016/09/28 7:34:32,2017/06/05 13:37:52,2017/11/30 1:29:08
195,菅 砂羽,すが さわ,suga_sawa@example.com,女,21,1996/5/20,未婚,東京都,043-224-4561,080-3482- 488,ドコモ,2016/09/29 12:09:29,2017/06/12 23:03:23,
196,泉 真吾,いずみ しんご,izumi_shingo@example.com,男,73,1944/6/19,既婚,福岡県,0 -481-5403,080-4186-9573,au,2016/10/01 5:01:30,2017/06/28 14:22:26,2018/02/06 15:55:13
197,宮野 宏行,みやの ひろゆき,miyano_hiroyuki@example.com,男,84,1933/10/18,既婚,宮崎県,061-375- 368,080-5883-3942,ドコモ,2016/10/01 8:22:37,2017/06/04 19:22:09,2018/04/11 11:50:37
198,和泉 たかお,わいずみ たかお,waizumi_takao@example.com,男,81,1936/11/4,既婚,奈良県,0 1-622-8889,080-2580-5987,ドコモ,2016/10/01 14:55:41,2017/06/08 4:33:51,2017/11/17 21:47:55
199,比嘉 努,ひよし つとむ,hiyoshi_tsutomu@example.com,男,38,1980/4/9,既婚,福島県,043-858-9941,080-3004-5571,ドコモ,2016/10/04 18:21:32,2017/06/24 0:07:12,
200,大井 ひかり,おおい ひかり,ooi_hikari@example.com,女,86,1931/11/29,既婚,東京都,039-227-7599,090-3185- 302,ツーカー,2016/10/04 19:12:30,2017/07/07 15:24:26,
201,吉本 右京,よしもと うきょう,yoshimoto_ukyou@example.com,男,88,1929/11/15,既婚,大分県,039-824-7904,090-1662-9515,ドコモ,2016/10/08 8:12:50,2017/06/03 10:37:28,
202,杉下 和之,すぎした かずゆき,sugishita_kazuyuki@example.com,男,66,1952/2/6,既婚,岡山県,084-505-2923,080-5768-4121,ドコモ,2016/10/08 18:15:57,2017/06/10 7:06:40,2018/02/05 7:33:54
203,相原 惇,あいはら あつし,aihara_atsushi@example.com,男,73,1944/12/8,既婚,兵庫県,012-256-7966,080-5184-5164,au,2016/10/12 5:38:35,2017/06/29 20:22:48,2018/02/04 15:36:13
204,西秋 大樹,にしあき ひろき,nishiaki_hiroki@example.com,男,65,1953/3/13,既婚,兵庫県,039- 38-3761,080-5335-5106,au,2016/10/12 23:33:58,2017/06/18 20:43:27,
205,永瀬 雅之,ながせ まさゆき,nagase_masayuki@example.com,男,55,1962/10/17,既婚,茨城県,018-607-1542,090-9961-7599,au,2016/10/13 0:19:26,2017/06/02 2:23:08,
206,長友 長利,ながとも ながとし,nagatomo_nagatoshi@example.com,男,61,1956/7/10,既婚,福岡県,068- 56-9729,090-2208-8814,au,2016/10/16 4:18:44,2017/06/15 5:59:54,
207,長谷川 知世,はせがわ ちせ,hasegawa_chise@example.com,女,22,1995/7/31,未婚,大分県,019-448-2505,090- 987-6987,ドコモ,2016/10/18 0:23:05,2017/06/05 15:28:17,2017/11/12 15:40:00
208,石垣 一輝,いしがき かずき,ishigaki_kazuki@example.com,男,57,1960/6/23,既婚,東京都,062-716-6116,080-6425-9935,ドコモ,2016/10/18 22:46:17,2017/06/03 9:37:24,
209,田沢 昌代,たざわ まさよ,tazawa_masayo@example.com,女,91,1926/11/24,既婚,京都府,017-533-5010,080-7624-4966,ドコモ,2016/10/19 11:00:32,2017/06/10 17:06:13,
210,田淵 涼子,たぶち りょうこ,tabuchi_ryouko@example.com,女,30,1987/11/3,既婚,神奈川県,037-525-5751,090-3117-1261,au,2016/10/19 12:08:43,2017/06/15 17:08:24,
211,田辺 米蔵,たなべ よねぞう,tanabe_yonezou@example.com,男,85,1932/10/5,既婚,兵庫県,029-357-9346,080-1170-4245,ソフトバンク,2016/10/19 17:27:02,2017/06/10 9:09:37,2017/12/04 15:49:37
212,浜口 璃子,はまぐち りこ,hamaguchi_riko@example.com,女,35,1983/2/27,既婚,北海道,010-708-7775,080-9689-3084,au,2016/10/21 3:37:15,2017/06/29 6:13:30,2017/12/04 14:25:10
213,寺島 由美子,てらじま ゆみこ,terajima_yumiko@example.com,女,42,1975/6/7,既婚,北海道,053-908-2942,090-5880-6697,ソフトバンク,2016/10/22 6:17:21,2017/07/03 16:42:46,2018/03/18 13:18:21
214,柳川 郁恵,やながわ いくえ,yanagawa_ikue@example.com,女,36,1981/7/12,既婚,大分県,015-204-3611,080- 205-6337,ドコモ,2016/10/23 0:44:39,2017/07/06 20:52:32,
215,神田 さんま,かんだ さんま,kannda_sanma@example.com,男,31,1986/10/1,既婚,群馬県,054-661-4008,090-9955-2024,ドコモ,2016/10/23 1:00:36,2017/07/06 14:04:21,2018/01/14 5:13:03
216,大場 一樹,おおば かずき,ooba_kazuki@example.com,男,81,1937/2/2,既婚,熊本県,094-426-2169,080-7058-5259,ドコモ,2016/10/23 17:02:47,2017/06/18 23:44:31,2018/04/19 23:15:25
217,本橋 小百合,もとはし さゆり,motohashi_sayuri@example.com,女,79,1939/3/2,既婚,神奈川県,066-431-4407,090-9462-6745,au,2016/10/24 2:44:44,2017/06/10 7:31:00,
218,神谷 孝太郎,かみや こうたろう,kamiya_koutarou@example.com,男,19,1998/5/20,未婚,千葉県,021-222-4664,080- 820-2407,au,2016/10/24 15:28:30,2017/06/02 6:59:21,2018/04/04 22:13:09
219,酒井 真帆,さかい まほ,sakai_maho@example.com,女,34,1984/1/29,既婚,大阪府,027-500-4679,090-3025-2446,ドコモ,2016/10/25 3:19:35,2017/06/02 9:10:41,2017/11/17 15:30:40
220,谷本 陽介,たにもと ようすけ,tanimoto_yousuke@example.com,男,22,1996/4/13,未婚,兵庫県,046- 16-1043,090-5536-9290,ドコモ,2016/10/25 8:10:32,2017/06/14 15:49:54,
221,岩井 浩太郎,いわい こうたろう,iwai_koutarou@example.com,男,86,1931/10/5,既婚,愛知県,060-259-9169,080-1790-3478,au,2016/10/26 20:53:18,2017/07/06 4:31:34,2018/01/20 20:51:42
222,黒沢 礼子,くろさわ れいこ,kurosawa_reiko@example.com,女,28,1989/4/30,既婚,広島県,044-874- 702,080-8381-6369,au,2016/10/27 15:28:05,2017/06/24 1:35:33,
223,落合 小雁,おちあい こがん,ochiai_kogan@example.com,男,78,1939/9/19,既婚,東京都,037-817-2912,090-8213- 269,ドコモ,2016/10/27 18:33:04,2017/06/10 15:49:35,2018/03/29 3:30:58
224,川瀬 千佳子,かわせ ちかこ,kawase_chikako@example.com,女,19,1999/1/12,未婚,東京都,049-748-3291,090-2642- 987,au,2016/10/28 1:37:08,2017/06/05 14:10:02,
225,服部 雅彦,はっとり まさひこ,hattori_masahiko@example.com,男,65,1952/11/25,既婚,静岡県,041-206-6006,080-4071-4900,au,2016/10/28 12:47:42,2017/06/01 17:24:56,
226,井出 はじめ,いで はじめ,ide_hajime@example.com,男,21,1996/7/10,既婚,広島県,098-830-8476,090-7844- 142,au,2016/10/29 1:32:46,2017/06/11 13:59:16,
227,小出 優,こいで ゆう,koide_yuu@example.com,女,28,1990/2/14,未婚,栃木県,069-848-6478,080-1606-7963,au,2016/10/29 2:17:07,2017/06/13 13:56:43,2018/01/12 20:52:50
228,菅谷 真悠子,すがや まゆこ,sugaya_mayuko@example.com,女,69,1949/3/16,既婚,奈良県,098-415-9210,080- 892-7426,au,2016/10/29 23:20:03,2017/07/03 4:31:53,
229,大谷 勝久,おおたに かつひさ,ootani_katsuhisa@example.com,男,74,1943/7/28,既婚,大分県,013-118-8524,090-8440-5566,ドコモ,2016/10/30 8:28:24,2017/06/08 0:08:23,2018/02/12 9:04:17
230,武田 さとみ,たけだ さとみ,takeda_satomi@example.com,女,22,1995/5/20,未婚,千葉県,0 8-678-7312,080-4657-9999,au,2016/11/02 18:19:27,2017/07/04 22:16:08,
231,新垣 陽子,にいがき ようこ,niigaki_youko@example.com,女,43,1975/2/22,既婚,大分県,064-551-7862,090-6727-9974,ドコモ,2016/11/02 19:14:16,2017/06/16 2:42:01,
232,小野田 真一,おのだ しんいち,onoda_shinichi@example.com,男,59,1959/4/10,既婚,三重県,059-483-4029,090-3623-4548,au,2016/11/03 7:04:13,2017/06/14 10:06:57,
233,細井 美月,ほそい みづき,hosoi_miduki@example.com,女,37,1980/10/24,既婚,熊本県,028-772-6637,080-7681-4370,ドコモ,2016/11/03 21:14:12,2017/06/01 5:05:06,
234,古沢 光洋,ふるさわ みつひろ,furusawa_mitsuhiro@example.com,男,23,1995/1/1,未婚,東京都,039- 55-4029,080-7258-3248,ドコモ,2016/11/03 21:51:25,2017/06/19 11:53:41,
235,松野 咲,まつの さき,matsuno_saki@example.com,女,17,2000/5/13,未婚,東京都,089-233-3442,080-8260-9485,ドコモ,2016/11/04 18:38:37,2017/06/27 8:05:52,2018/03/08 17:26:18
236,水谷 ひかり,みずたに ひかり,mizutani_hikari@example.com,女,91,1926/10/13,既婚,兵庫県,089-788- 417,080-6016-9177,ドコモ,2016/11/05 10:46:23,2017/06/21 12:13:59,
237,島崎 早織,しまざき さおり,shimazaki_saori@example.com,女,13,2004/10/5,未婚,栃木県,035-938-3356,090- 457-2189,ドコモ,2016/11/06 0:21:04,2017/07/05 13:33:55,
238,菊田 徹,きくた とおる,kikuta_tooru@example.com,男,28,1989/7/21,未婚,岩手県,076-291-4344,080-6030-8895,au,2016/11/08 7:23:43,2017/06/10 5:42:45,2018/03/10 5:59:49
239,磯野 秀樹,いその ひでき,isono_hideki@example.com,男,86,1932/3/1,既婚,栃木県,0 -632-1428,080-9384-3184,ドコモ,2016/11/09 3:49:04,2017/06/09 0:52:56,
240,高岡 明慶,たかおか あきよし,takaoka_akiyoshi@example.com,男,78,1940/1/9,既婚,京都府,049-839-3722,090- 538-7806,ソフトバンク,2016/11/09 5:46:14,2017/06/18 16:54:35,2018/03/29 4:09:49
241,大竹 博之,おおたけ ひろゆき,ootake_hiroyuki@example.com,男,67,1950/10/16,既婚,三重県,066-492-5768,080-6804-1330,au,2016/11/09 7:18:36,2017/06/12 11:36:40,2018/02/06 23:45:39
242,岩崎 麻緒,いわさき まお,iwasaki_mao@example.com,女,26,1991/6/5,既婚,愛知県,0 1-424- 140,080-2462-9323,ドコモ,2016/11/10 17:22:03,2017/07/06 14:09:50,2018/02/12 11:38:00
243,伊丹 利夫,いたみ としお,itami_toshio@example.com,男,89,1928/7/25,既婚,兵庫県,091-981- 927,080-4958-2658,au,2016/11/11 3:27:59,2017/06/02 8:21:13,
244,宇野 功補,うの こうすけ,uno_kousuke@example.com,男,14,2003/12/11,未婚,福岡県,014-652-4381,090-4994-4188,ドコモ,2016/11/12 6:45:44,2017/06/09 9:08:39,
245,若杉 満,わかすぎ みつる,wakasugi_mitsuru@example.com,男,75,1943/2/12,既婚,兵庫県,090-451-6764,090-2755-7321,ドコモ,2016/11/12 18:53:37,2017/06/14 18:29:29,
246,おかやま あい,おかやま あい,okayama_ai@example.com,女,84,1933/7/9,既婚,千葉県,064-881-7492,080-3207-8936,ドコモ,2016/11/13 15:27:21,2017/06/04 17:56:34,2017/12/29 3:31:57
247,倉本 美希,くらもと みき,kuramoto_miki@example.com,女,91,1927/3/28,既婚,東京都,038-987-9899,090-7447-4269,ドコモ,2016/11/13 23:29:12,2017/06/22 8:46:21,2018/01/09 16:58:06
248,石本 薫,いしもと かおる,ishimoto_kaoru@example.com,女,31,1987/3/21,既婚,奈良県,011-171-9991,090-5767-9803,ドコモ,2016/11/14 23:18:51,2017/06/02 18:55:03,
249,宇佐美 鉄二,うさみ てつじ,usami_tetsuji@example.com,男,51,1967/2/4,既婚,東京都,077-790-1995,080-6722-8467,ツーカー,2016/11/17 10:29:46,2017/06/01 8:35:04,
250,浜崎 優,はまさき ゆう,hamasaki_yuu@example.com,女,14,2004/1/2,未婚,京都府,0 2-881-7830,090- 103-2987,ドコモ,2016/11/18 10:44:39,2017/07/04 3:58:44,
251,松岡 光,まつおか ひかる,matsuoka_hikaru@example.com,男,43,1974/6/4,未婚,福岡県,051-958-4151,090-3631-7136,ドコモ,2016/11/19 6:50:37,2017/06/12 5:08:25,2018/01/28 18:43:39
252,杉原 桃子,すぎはら ももこ,sugihara_momoko@example.com,女,27,1990/4/26,既婚,三重県,053-665-4710,090-1350-4805,ドコモ,2016/11/20 7:02:55,2017/07/02 4:54:06,
253,車 剛基,くるま よしき,kuruma_yoshiki@example.com,男,80,1938/2/25,既婚,大阪府,059-536-4608,090-2436-7207,ドコモ,2016/11/20 18:48:47,2017/06/24 8:51:34,2018/04/06 11:51:25
254,原口 裕次郎,はらぐち ゆうじろう,haraguchi_yuujirou@example.com,男,87,1930/10/31,既婚,東京都,038-878-5814,090-3373-6225,ドコモ,2016/11/21 4:09:35,2017/06/12 2:37:23,2018/03/27 18:52:03
255,米田 奈央,よねだ なお,yoneda_nao@example.com,女,28,1989/6/9,既婚,埼玉県,043-470-4013,080-7737-7677,ドコモ,2016/11/21 20:19:57,2017/07/01 8:16:33,
256,五十嵐 まひる,いがらし まひる,igarashi_mahiru@example.com,女,52,1966/4/18,既婚,兵庫県,0 1-562-8899,090- 188-5205,ドコモ,2016/11/24 17:44:01,2017/06/18 8:42:29,2017/12/15 20:24:32
257,原 ひろみ,はら ひろみ,hara_hiromi@example.com,女,35,1982/5/24,既婚,福岡県,032-751- 581,090- 966-7157,ドコモ,2016/11/24 19:24:20,2017/06/15 12:09:57,
258,玉井 美佐子,たまい みさこ,tamai_misako@example.com,女,91,1926/10/12,既婚,東京都,026-989-4138,090-8289-6397,ドコモ,2016/11/25 20:17:35,2017/06/04 2:02:03,
259,小松 麗奈,こまつ れな,komatsu_rena@example.com,女,97,1920/9/24,既婚,大阪府,027-429-7009,080-5763-7173,ドコモ,2016/11/27 1:27:20,2017/07/05 19:43:58,2017/12/17 3:16:13
260,羽田 ヒカル,はた ひかる,hata_hikaru@example.com,女,72,1946/3/6,既婚,岐阜県,084-335-2235,080-4211-1798,au,2016/11/28 11:42:29,2017/06/11 13:07:17,2018/01/22 20:32:50
261,栗田 慶二,くりた けいじ,kurita_keiji@example.com,男,39,1979/3/7,既婚,東京都,076-561-3193,090-2610-4192,ツーカー,2016/11/28 13:15:16,2017/07/06 22:30:33,2017/12/14 0:25:58
262,柴山 惇,しばやま じゅん,shibayama_jun@example.com,男,80,1937/8/13,既婚,沖縄県,044-208- 303,090-2262-5120,ソフトバンク,2016/11/28 15:08:48,2017/06/23 9:46:39,
263,沢尻 拓郎,さわじり たくろう,sawajiri_takurou@example.com,男,88,1930/4/7,既婚,福岡県,090-335-8391,090-6192-7532,ドコモ,2016/11/29 12:52:16,2017/06/22 16:16:51,
264,徳田 浩正,とくた ひろまさ,tokuta_hiromasa@example.com,男,89,1929/3/22,既婚,鳥取県,069-207-9044,090-9181-5957,ドコモ,2016/11/29 13:49:00,2017/06/10 13:30:45,
265,細川 桃子,ほそかわ ももこ,hosokawa_momoko@example.com,女,97,1921/1/10,既婚,茨城県,0 1-818-8872,080- 185-8185,ドコモ,2016/11/29 16:58:16,2017/06/17 18:22:32,2017/11/29 10:47:07
266,小沼 薫,こぬま かおる,konuma_kaoru@example.com,女,66,1952/2/1,既婚,東京都,039- 33-2200,080- 848-9349,ソフトバンク,2016/11/30 20:55:48,2017/07/01 13:08:49,2017/11/16 1:31:02
267,永野 くるみ,ながの くるみ,nagano_kurumi@example.com,女,28,1990/2/24,既婚,鳥取県,022-387-3729,090-2658-1220,ドコモ,2016/12/01 1:45:44,2017/06/03 23:35:07,
268,大橋 真一,おおはし しんいち,oohashi_shinichi@example.com,男,95,1922/7/26,既婚,愛知県,095-934-2604,090-3763-8318,ドコモ,2016/12/03 6:11:47,2017/06/06 14:11:33,2017/12/19 5:50:36
269,岩田 めぐみ,いわた めぐみ,iwata_megumi@example.com,女,62,1955/11/8,既婚,北海道,020-730-4883,090-3030-7637,au,2016/12/04 0:57:55,2017/06/03 8:06:55,
270,児島 直人,こじま なおと,kojima_naoto@example.com,男,27,1991/4/3,未婚,愛知県,088-971-9756,080-9363-4153,ドコモ,2016/12/04 9:27:55,2017/06/16 14:25:00,2018/01/13 0:29:52
271,谷 花,たに はな,tani_hana@example.com,女,45,1973/3/21,既婚,愛知県,0 5-146-6924,080- 613-3714,ドコモ,2016/12/04 9:45:39,2017/06/05 22:20:48,2018/01/04 2:10:11
272,阿部 敏也,あべ としや,abe_toshiya@example.com,男,16,2002/3/17,未婚,静岡県,049- 85-5947,090-2227-5999,ドコモ,2016/12/05 14:43:50,2017/06/04 6:38:09,2018/03/30 3:55:53
273,畠山 はるか,はたやま はるか,hatayama_haruka@example.com,女,92,1926/2/28,既婚,神奈川県,070-440-3899,080-6135-7996,ドコモ,2016/12/05 22:42:33,2017/07/05 21:50:18,2018/03/06 13:18:08
274,筒井 美和子,つつい みわこ,tsutsui_miwako@example.com,女,57,1960/7/2,既婚,静岡県,075-679-3542,090-8652-8451,ドコモ,2016/12/06 11:30:42,2017/06/13 11:54:32,2018/04/05 20:09:13
275,河原 満,かわはら みつる,kawahara_mitsuru@example.com,男,77,1940/9/17,既婚,兵庫県,023-401-6065,090-7962-9167,ドコモ,2016/12/07 14:03:31,2017/07/06 10:30:07,2018/02/09 8:23:32
276,五味 瞬,ごみ しゅん,gomi_shun@example.com,女,89,1928/11/20,既婚,埼玉県,060-627-9809,080-2728-4375,ドコモ,2016/12/09 22:08:55,2017/06/24 1:51:42,2017/12/13 13:39:06
277,古沢 優,ふるさわ ゆう,furusawa_yuu@example.com,女,13,2005/1/14,未婚,東京都,022-149-8377,080-3722- 80,ドコモ,2016/12/10 6:32:45,2017/06/07 19:29:13,2018/02/04 6:48:34
278,五味 遥,ごみ はるか,gomi_haruka@example.com,女,30,1987/11/28,既婚,千葉県,063-771-7681,090-1008- 479,ツーカー,2016/12/10 23:44:19,2017/06/02 22:17:18,2018/03/30 14:40:07
279,玉山 隆太,たまやま りゅうた,tamayama_ryuuta@example.com,男,79,1938/9/2,既婚,奈良県,021-904-7036,090-9212-7152,ドコモ,2016/12/11 3:49:24,2017/06/06 23:05:40,2017/11/25 10:58:20
280,村上 俊二,むらかみ しゅんじ,murakami_shunji@example.com,男,87,1930/5/30,既婚,埼玉県,039-115-8734,090-2985-1019,ドコモ,2016/12/13 14:08:02,2017/06/27 16:22:05,2018/03/24 22:06:02
281,小木 砂羽,おぎ さわ,ogi_sawa@example.com,女,58,1959/6/4,既婚,広島県,087-860- 145,090-4659-5650,au,2016/12/14 7:24:43,2017/06/12 14:50:56,2018/02/12 21:10:09
282,山中 努,やまなか つとむ,yamanaka_tsutomu@example.com,男,16,2001/11/17,未婚,大阪府,042-198-7879,090-8116-1309,ドコモ,2016/12/14 18:07:51,2017/06/27 8:00:37,
283,奥寺 麻由子,おくでら まゆこ,okudera_mayuko@example.com,女,98,1920/4/8,既婚,宮崎県,066-497-6703,080-3311- 483,ソフトバンク,2016/12/14 18:27:25,2017/07/05 20:08:26,2017/12/26 16:14:13
284,江川 憲一,えがわ けんいち,egawa_kenichi@example.com,男,24,1993/10/26,既婚,長崎県,011-129-3006,080-3211-5170,au,2016/12/15 6:01:23,2017/06/01 15:54:55,2017/11/12 8:09:19
285,本多 長利,ほんだ ながとし,honnda_nagatoshi@example.com,男,13,2004/5/20,未婚,愛知県,039-173-3521,080-8474-7057,ドコモ,2016/12/15 12:12:02,2017/06/29 18:06:02,
286,平良 麗奈,ひらら れな,hirara_rena@example.com,女,64,1954/4/2,既婚,石川県,081-318-3148,090-7875-9566,ドコモ,2016/12/16 18:54:12,2017/06/04 10:32:11,2017/12/02 15:52:50
287,一青 真一,ひとと しんいち,hitoto_shinichiexample.com,男,74,1944/2/19,既婚,秋田県,048-885-2574,080- 227-8683,ドコモ,2016/12/16 19:28:34,2017/06/03 6:37:05,
288,矢田 育二,やだ いくじ,yada_ikuji@example.com,男,92,1925/6/4,既婚,千葉県,053-167-7800,090-2318-7089,ソフトバンク,2016/12/17 15:44:52,2017/06/03 16:33:52,2017/12/15 1:56:56
289,堀田 将也,ほった まさや,hotta_masaya@example.com,男,24,1993/11/26,未婚,香川県,071-119-4811,080-2830-7363,au,2016/12/20 17:43:33,2017/06/16 12:29:17,
290,谷村 あさみ,たにむら あさみ,tanimura_asami@example.com,女,16,2001/11/10,未婚,山梨県,039-570-2960,080-9767-6180,ドコモ,2016/12/22 8:03:02,2017/06/26 18:07:16,2017/11/20 9:29:29
291,本橋 寿々花,もとはし すずか,motohashi_suzuka@example.com,女,57,1960/8/22,既婚,北海道,081-816-1765,090-9492-9364,ドコモ,2016/12/24 1:52:59,2017/06/04 19:48:26,
292,小栗 夏空,おぐり そら,oguri_sora@example.com,女,94,1924/4/3,既婚,北海道,032-789-5807,090-3375-2277,ドコモ,2016/12/24 8:23:24,2017/07/05 21:55:32,
293,三村 三省,みむら さんせい,mimura_sansei@example.com,男,48,1969/11/1,既婚,愛知県,048-958- 396,090- 109-4068,ドコモ,2016/12/26 12:27:20,2017/06/21 10:19:48,
294,乾 茜,いぬい あかね,inui_akane@example.com,女,18,1999/12/6,未婚,茨城県,053-760-4435,080- 118-7225,ドコモ,2016/12/26 20:20:12,2017/06/26 19:17:46,
295,福士 栄一,ふくし えいいち,fukushi_eiichi@example.com,男,97,1920/9/23,既婚,埼玉県,077-750-8937,090-3713-8298,ソフトバンク,2016/12/27 13:16:34,2017/06/08 1:50:26,
296,手島 佳乃,てじま よしの,tejima_yoshino@example.com,女,84,1934/3/7,既婚,富山県,029-678-8438,090-5124-7330,au,2016/12/28 15:25:58,2017/06/13 12:44:07,
297,梅沢 南朋,うめざわ なお,umezawa_nao@example.com,女,68,1950/2/28,既婚,東京都,081- 96-5894,080-8391-5036,ドコモ,2016/12/30 22:47:34,2017/07/05 20:38:29,2017/12/17 10:35:14
298,桜井 瞬,さくらい しゅん,sakurai_shun@example.com,男,94,1923/12/19,既婚,宮城県,076-864- 699,090-2687-1537,ドコモ,2016/12/31 2:07:15,2017/07/06 21:59:38,
299,橘 優,たちばな ゆう,tachibana_yuu@example.com,女,71,1946/6/12,既婚,神奈川県,0 2-322-8253,090-5413-9903,ドコモ,2016/12/31 23:46:05,2017/06/24 8:34:44,
300,石黒 めぐみ,いしぐろ めぐみ,ishiguro_megumi@example.com,女,79,1938/11/28,既婚,東京都,020-541-6674,080-6276-9169,ドコモ,2017/01/01 2:58:32,2017/06/18 19:44:44,
301,上原 光臣,うえはら みつおみ,uehara_mitsuomi@example.com,男,41,1976/10/19,未婚,三重県,040-480-6521,090-9201-3785,ソフトバンク,2017/01/03 15:43:13,2017/06/07 4:19:37,
302,湯浅 優,ゆあさ ゆう,yuasa_yuu@example.com,男,58,1959/6/30,既婚,大阪府,017-570-1938,080- 596-4259,ドコモ,2017/01/04 21:41:13,2017/06/07 22:43:59,
303,辻本 みゆき,つじもと みゆき,tsujimoto_miyuki@example.com,女,87,1930/6/26,既婚,宮城県,027-334-4593,090-2395-6995,ドコモ,2017/01/05 3:34:45,2017/06/23 8:21:18,
304,真矢 敏也,まや としや,maya_toshiya@example.com,男,24,1993/8/4,未婚,群馬県,071-274-8247,080-4542-9231,ドコモ,2017/01/05 16:09:23,2017/07/03 22:38:04,2017/12/16 15:46:39
305,高樹 そら,たかぎ そら,takagi_sora@example.com,女,66,1951/5/22,既婚,千葉県,024-273-1562,090-5410-2257,ドコモ,2017/01/06 0:34:18,2017/06/11 6:07:12,
306,矢沢 佑,やざわ たすく,yazawa_tasuku@example.com,男,24,1993/12/25,未婚,埼玉県,073-340-9599,080-7079-9540,ドコモ,2017/01/06 5:17:39,2017/07/04 8:15:08,2018/04/22 21:00:44
307,榎本 なつみ,えのもと なつみ,enomoto_natsumi@example.com,女,47,1970/11/15,既婚,富山県,0 9-355-1694,090-4038-8844,au,2017/01/07 17:15:00,2017/07/07 23:23:56,
308,上山 小百合,かみやま さゆり,kamiyama_sayuri@example.com,女,28,1989/4/28,既婚,広島県,0 9-336- 662,080- 930-8219,ドコモ,2017/01/10 9:58:13,2017/06/25 15:06:57,2018/03/31 7:01:25
309,江口 京子,えぐち きょうこ,eguchi_kyouko@example.com,女,88,1929/8/12,既婚,東京都,052-264-3613,090-8571- 979,ソフトバンク,2017/01/10 13:08:00,2017/07/07 13:00:34,
310,松島 みゆき,まつしま みゆき,matsushima_miyuki@example.com,女,93,1925/1/9,既婚,佐賀県,078-766-6547,090-7747-9188,ドコモ,2017/01/10 19:49:00,2017/06/26 11:34:58,2018/02/16 18:49:27
311,和田 慎之介,わだ しんのすけ,wada_shinnosuke@example.com,男,65,1953/4/4,既婚,福島県,035-526-3108,080-5375- 187,au,2017/01/12 2:42:28,2017/06/02 5:23:04,
312,高沢 進,たかさわ すすむ,takasawa_susumu@example.com,男,97,1920/7/5,既婚,大阪府,0 7-765- 165,080- 17-8094,ドコモ,2017/01/14 0:33:55,2017/07/01 13:17:54,2018/01/05 6:25:24
313,内海 ジローラモ,うちみ じろーらも,uchimi_girolamo@example.com,男,37,1980/11/12,既婚,東京都,086-734-2659,080-7857-1711,ドコモ,2017/01/14 18:37:18,2017/06/13 11:28:19,
314,松山 倫子,まつやま のりこ,matsuyama_noriko@example.com,女,57,1960/10/15,既婚,京都府,0 7-538-9279,090-9321-3388,au,2017/01/15 2:25:20,2017/06/24 3:30:29,2018/01/26 17:09:31
315,浜 達士,はま たつひと,hama_tatsuhito@example.com,男,36,1981/9/28,既婚,愛媛県,0 5-376-9561,090-2410-6322,ドコモ,2017/01/15 11:23:02,2017/06/10 11:27:48,2018/01/10 7:42:43
316,内田 あや子,うちだ あやこ,uchida_ayako@example.com,女,26,1991/9/7,既婚,兵庫県,019- 66-1173,090-7075-3438,ドコモ,2017/01/15 23:09:38,2017/06/17 23:41:14,
317,田辺 璃奈子,たなべ りなこ,tanabe_rinako@example.com,女,32,1985/6/30,既婚,新潟県,088- 88-7275,080-6051-7978,au,2017/01/16 4:56:01,2017/06/21 23:18:59,2017/12/08 19:41:30
318,富岡 達士,とみおか たつひと,tomioka_tatsuhito@example.com,男,43,1974/12/6,既婚,山梨県,069-461-4981,090-8101-8302,ドコモ,2017/01/16 18:07:52,2017/06/17 18:24:46,2017/11/03 1:15:06
319,榊原 美咲,さかきばら みさき,sakakibara_misaki@example.com,女,41,1976/9/29,既婚,東京都,039-236-4055,080-2219-6109,ドコモ,2017/01/16 19:03:46,2017/06/27 17:39:35,
320,米沢 信吾,よねざわ しんご,yonezawa_shingo@example.com,男,55,1962/11/11,既婚,静岡県,022-967-7317,080-8393-3839,ドコモ,2017/01/17 7:28:43,2017/06/12 10:16:33,2017/11/03 10:16:18
321,西村 隼士,にしむら しゅんじ,nishimura_shunji@example.com,男,35,1983/4/19,既婚,高知県,082- 60-6230,090-4101-3293,ドコモ,2017/01/17 17:44:20,2017/06/06 9:37:29,2018/02/02 6:45:50
322,菅原 徹平,すがわら てっぺい,sugawara_teppei@example.com,男,55,1962/6/7,既婚,秋田県,076-314-9612,080-3474-8706,ドコモ,2017/01/18 16:36:53,2017/07/05 21:22:52,
323,野田 莉緒,のだ りお,noda_rio@example.com,女,67,1950/6/7,既婚,島根県,013- 49-4037,080-1199-3546,ドコモ,2017/01/18 20:06:50,2017/06/02 4:30:34,2018/01/24 5:16:37
324,平 翔,たいら しょう,taira_shou@example.com,男,80,1937/9/1,既婚,大阪府,039-402-9177,080-5651-1153,ドコモ,2017/01/19 21:44:09,2017/06/01 7:00:44,
325,落合 まさし,おちあい まさし,ochiai_masashi@example.com,男,56,1961/6/12,既婚,鳥取県,017-376-7482,080-5228-1073,ドコモ,2017/01/20 4:13:28,2017/06/20 7:46:37,2018/03/18 13:49:07
326,金田 なつみ,かねだ なつみ,kaneda_natsumi@example.com,女,19,1999/1/27,未婚,福岡県,043- 59-9186,080- 604-3821,au,2017/01/20 13:57:08,2017/06/16 7:16:39,2017/12/03 12:02:05
327,河村 たかお,かわむら たかお,kawamura_takao@example.com,男,15,2003/4/16,未婚,鹿児島県,040-143-8511,080-3697-3487,ソフトバンク,2017/01/20 19:09:01,2017/06/13 0:33:39,
328,岩谷 佳乃,いわたに よしの,iwatani_yoshino@example.com,女,81,1937/2/18,既婚,熊本県,042-624-8497,080-8149-9560,ドコモ,2017/01/22 16:47:01,2017/07/03 3:24:35,2018/04/18 10:59:43
329,浅見 洋介,あさみ ようすけ,asami_yousuke@example.com,男,86,1932/2/12,既婚,東京都,056-954-5542,090-6574-9648,ソフトバンク,2017/01/24 5:24:48,2017/06/15 22:00:11,2018/04/13 5:57:47
330,石塚 新太,いしづか あらた,ishiduka_arata@example.com,男,40,1978/3/1,既婚,岐阜県,079-163-9238,090-6084- 813,ソフトバンク,2017/01/24 7:41:16,2017/06/28 1:49:17,
331,河田 あさみ,かわた あさみ,kawata_asami@example.com,女,21,1996/10/26,未婚,北海道,091-381-4413,080-2249- 708,ソフトバンク,2017/01/24 8:29:26,2017/07/01 18:33:55,
332,飯野 優,いいの ゆう,iino_yuu@example.com,女,89,1928/7/1,既婚,北海道,0 3-496-4200,090-3919-8297,ドコモ,2017/01/26 14:46:22,2017/06/09 15:46:08,2017/11/21 11:12:24
333,山上 有海,やまがみ あみ,yamagami_ami@example.com,女,73,1944/6/15,既婚,岡山県,096-598-3396,090-5096-1898,ドコモ,2017/01/27 6:17:29,2017/06/04 15:09:57,2017/12/15 23:29:53
334,中里 浩太郎,なかざと こうたろう,nakazato_koutarou@example.com,男,86,1931/6/5,既婚,北海道,024-182-8376,080-2386-1676,ソフトバンク,2017/01/28 11:08:00,2017/06/13 19:21:22,
335,堀口 碧海,ほりぐち おうが,horiguchi_ouga@example.com,男,16,2001/7/16,未婚,沖縄県,0 4-780-9833,080-3286-5071,ドコモ,2017/01/28 15:09:19,2017/06/20 13:48:09,
336,武藤 隆太,むとう りゅうた,mutou_ryuuta@example.com,男,92,1925/10/4,既婚,千葉県,043-286-7961,090-7176-2083,au,2017/01/28 16:27:44,2017/07/01 5:51:18,2018/01/29 14:06:32
337,田中 里穂,たなか りほ,tanaka_riho@example.com,女,23,1995/1/10,未婚,奈良県,049-930-5338,090-7619-8262,ソフトバンク,2017/01/29 1:22:14,2017/06/01 2:31:25,
338,山田 扶樹,やまだ もとき,yamada_motoki@example.com,男,58,1959/11/23,既婚,神奈川県,020-677-6546,080-8829-3864,ドコモ,2017/01/29 11:59:24,2017/06/11 11:56:44,
339,河本 淳子,こうもと あつこ,koumoto_atsuko@example.com,女,84,1933/6/27,既婚,茨城県,067-358-3239,090-4125-8468,ドコモ,2017/02/01 9:48:31,2017/06/24 5:17:42,2018/03/01 10:02:36
340,伊東 はるみ,いとう はるみ,itou_harumi@example.com,女,46,1972/4/16,既婚,千葉県,016-611-2234,080-8774-7871,ドコモ,2017/02/02 15:40:06,2017/06/08 6:44:14,
341,石渡 仁晶,いしわたり ひろあき,ishiwatari_hiroaki@example.com,男,86,1931/10/14,既婚,茨城県,044-656-8062,080-1709-8612,ソフトバンク,2017/02/03 7:29:15,2017/07/07 4:30:33,2018/03/01 13:21:49
342,大竹 了,おおたけ りょう,ootake_ryou@example.com,男,30,1988/1/24,未婚,埼玉県,075-772-1509,090- 108-1955,au,2017/02/04 3:58:13,2017/06/15 15:23:34,
343,熊田 れいな,くまだ れいな,kumada_reina@example.com,女,66,1951/8/14,既婚,兵庫県,013-854-2556,080-7200-1746,au,2017/02/06 17:26:49,2017/07/02 19:33:02,2018/02/01 3:03:58
344,森永 充則,もりなが みつのり,morinaga_mitsunori@example.com,男,25,1992/7/31,未婚,宮城県,091-673- 313,090-1694-2082,au,2017/02/07 14:11:46,2017/06/26 23:14:03,2017/12/31 8:12:59
345,大槻 優一,おおつき ゆういち,ootsuki_yuuichi@example.com,男,58,1959/6/26,既婚,広島県,010-834-4002,080-7282-2399,ドコモ,2017/02/10 16:26:45,2017/06/30 15:40:46,
346,柳沢 真帆,やなぎさわ まほ,yanagisawa_maho@example.com,女,25,1992/12/20,未婚,静岡県,059- 12-5390,090-8789-2125,ドコモ,2017/02/11 13:05:22,2017/06/27 21:55:37,
347,藤沢 陽子,ふじさわ ようこ,fujisawa_youko@example.com,女,98,1919/5/27,既婚,東京都,021-147-8046,080-6003-2237,ソフトバンク,2017/02/11 20:55:56,2017/06/26 7:24:19,2018/04/23 1:13:08
348,熊谷 ヒロ,くまがや ひろ,kumagaya_hiro@example.com,男,71,1947/3/21,既婚,静岡県,011-256-1956,080-4562-6419,au,2017/02/13 6:53:11,2017/06/25 3:48:22,2018/04/16 8:06:11
349,広川 えみ,ひろかわ えみ,hirokawa_emi@example.com,女,69,1949/1/12,既婚,東京都,098-422-8202,090-7348- 697,ドコモ,2017/02/13 22:28:07,2017/06/24 4:39:06,2017/11/08 10:00:47
350,春日 妃里,かすが ゆり,kasuga_yuri@example.com,女,24,1993/5/15,未婚,埼玉県,071-940-6699,080- 493-4082,ドコモ,2017/02/14 19:58:33,2017/06/08 23:27:38,2017/12/23 3:10:41
351,大川 なつみ,おおかわ なつみ,ookawa_natsumi@example.com,女,30,1988/4/21,既婚,群馬県,016-681-3226,080-7419-3932,ドコモ,2017/02/16 4:00:22,2017/06/11 11:02:14,2018/02/22 5:44:24
352,中尾 薫,なかお かおる,nakao_kaoru@example.com,女,65,1952/5/30,既婚,大阪府,031-598-5797,080-3133-6542,au,2017/02/16 19:52:27,2017/06/22 6:06:29,2018/04/19 7:06:46
353,中田 淳子,なかた あつこ,nakata_atsuko@example.com,女,53,1964/5/20,既婚,広島県,097- 3-8156,080-7790-4935,ソフトバンク,2017/02/17 1:18:07,2017/06/11 13:10:28,2017/11/20 7:17:21
354,諏訪 芽以,すわ めい,suwa_mei@example.com,女,17,2000/5/18,未婚,奈良県,028-757-1782,090-5628-5297,au,2017/02/17 1:57:22,2017/07/05 10:12:39,2018/03/24 10:18:10
355,目黒 優一,めぐろ ゆういち,meguro_yuuichi@example.com,男,77,1941/2/17,既婚,福岡県,055-805-7028,080-2465-1573,au,2017/02/17 15:52:08,2017/06/17 1:37:48,2018/04/14 0:35:24
356,松本 沙耶,まつもと さや,matsumoto_saya@example.com,女,70,1947/7/24,既婚,福岡県,032-816-1840,090-6278-9235,ソフトバンク,2017/02/22 15:11:15,2017/06/22 14:38:10,
357,堀口 涼子,ほりぐち りょうこ,horiguchi_ryouko@example.com,女,19,1998/10/28,未婚,栃木県,046-369-7517,080- 869-8515,ツーカー,2017/02/22 16:07:20,2017/06/13 5:05:00,
358,平岡 美咲,ひらおか みさき,hiraoka_misaki@example.com,女,45,1972/12/1,既婚,新潟県,080-657-3151,090- 135- 964,ソフトバンク,2017/02/24 4:42:42,2017/06/02 6:04:55,
359,山中 賢治,やまなか けんじ,yamanaka_kenji@example.com,男,37,1981/3/4,既婚,大分県,089-586-6058,090-2101-9162,ドコモ,2017/02/25 7:58:18,2017/06/13 5:21:17,
360,井川 たまき,いがわ たまき,igawa_tamaki@example.com,女,48,1969/12/6,既婚,埼玉県,052-982-8050,090-2766- 386,ドコモ,2017/02/28 17:18:33,2017/06/27 4:09:30,
361,河野 直人,こうの なおと,kouno_naoto@example.com,男,28,1990/4/4,未婚,新潟県,010- 24-5253,080-3675-9783,au,2017/02/28 20:06:44,2017/06/05 22:07:58,
362,満島 麻由子,みつしま まゆこ,mitsushima_mayuko@example.com,女,47,1971/3/11,既婚,北海道,059- 84-8329,090-8126-7175,ソフトバンク,2017/03/02 21:19:59,2017/06/06 6:44:14,2018/03/27 23:17:59
363,金井 あき,かない あき,kanai_aki@example.com,女,68,1949/8/27,既婚,山梨県,054-497-6466,090-8613-7690,au,2017/03/04 20:52:28,2017/06/29 11:09:34,
364,阪口 崇史,さかぐち たかし,sakaguchi_takashi@example.com,男,56,1961/11/11,未婚,愛媛県,057-498-8366,080-2032-2861,ソフトバンク,2017/03/05 3:09:31,2017/07/06 18:04:50,
365,河原 ノブヒコ,かわはら のぶひこ,kawahara_nobuhiko@example.com,男,24,1993/11/25,既婚,東京都,040-988-9126,090-4069-1281,ドコモ,2017/03/05 5:24:52,2017/06/15 7:39:50,2017/11/02 13:06:39
366,山根 良介,やまね りょうすけ,yamane_ryousuke@example.com,男,61,1956/9/15,既婚,兵庫県,082-187-9621,080-1659-7443,ドコモ,2017/03/06 23:24:35,2017/06/13 14:07:19,
367,今井 ジョージ,いまい じょーじ,imai_george@example.com,男,67,1951/3/6,既婚,北海道,066-678-6980,080-6388-6033,ソフトバンク,2017/03/07 5:41:13,2017/07/07 6:30:58,
368,飛田 草太,ひだ そうた,hida_souta@example.com,男,70,1947/4/30,既婚,愛媛県,068-549- 59,080-3435-7724,ドコモ,2017/03/07 20:16:09,2017/06/08 16:07:35,2017/12/09 5:17:05
369,塩見 哲平,しおみ てっぺい,shiomi_teppei@example.com,男,66,1951/4/26,既婚,宮城県,085-772-3022,090-5975-9235,ドコモ,2017/03/10 0:33:57,2017/06/09 14:30:01,
370,中西 真一,なかにし しんいち,nakanishi_shinichi@example.com,男,32,1986/1/4,既婚,岐阜県,093-812-3178,080-2684-3788,au,2017/03/10 10:01:44,2017/06/28 2:17:13,
371,藤田 優,ふじた ゆう,fujita_yuu@example.com,女,92,1926/4/7,既婚,福岡県,037-717-4674,080-8966-4558,ドコモ,2017/03/10 22:34:21,2017/06/22 13:50:15,
372,吉岡 夏空,よしおか そら,yoshioka_sora@example.com,女,40,1977/7/24,既婚,三重県,048-805-8344,080-1269-7593,ドコモ,2017/03/11 16:12:39,2017/06/04 4:12:06,2018/02/18 3:46:31
373,芹沢 京子,せりざわ きょうこ,serizawa_kyouko@example.com,女,49,1969/1/24,既婚,北海道,093-131-5680,090- 950- 706,ソフトバンク,2017/03/11 22:25:48,2017/06/04 12:43:34,2017/12/02 7:46:48
374,石塚 小百合,いしづか さゆり,ishiduka_sayuri@example.com,女,39,1978/12/8,既婚,静岡県,013-189-5503,080-8152-1402,ドコモ,2017/03/13 8:57:04,2017/06/18 16:42:02,
375,堀口 利夫,ほりぐち としお,horiguchi_toshio@example.com,男,59,1958/7/19,既婚,大阪府,095-918- 800,080-1915-1873,ドコモ,2017/03/13 15:17:36,2017/06/01 10:56:26,
376,小川 薫,おがわ かおる,ogawa_kaoru@example.com,女,22,1995/6/5,既婚,大阪府,0 6-562-3415,090-1564-2387,ドコモ,2017/03/14 2:24:37,2017/07/06 17:56:21,2018/02/20 0:51:40
377,金沢 豊,かねざわ ゆたか,kanezawa_yutaka@example.com,男,56,1961/12/24,既婚,岡山県,059- 46- 692,090-2758-2827,ツーカー,2017/03/16 8:45:17,2017/06/22 9:38:53,
378,八田 徹平,やつだ てっぺい,yatsuda_teppei@example.com,男,39,1979/3/2,既婚,神奈川県,022-456- 916,080-1780-2835,au,2017/03/16 19:29:37,2017/06/01 0:35:24,2018/01/18 19:11:16
379,角 朝香,すみ あさか,sumi_asaka@example.com,女,94,1924/4/19,既婚,千葉県,039-991-9891,090-5840-9692,ソフトバンク,2017/03/18 14:00:41,2017/06/20 15:43:52,
380,岩沢 光,いわさわ ひかる,iwasawa_hikaru@example.com,女,82,1935/12/31,既婚,鹿児島県,056-890-4590,080-4859-4765,au,2017/03/18 14:28:37,2017/06/06 19:07:44,2018/04/05 10:24:05
381,川越 きみまろ,かわごえ きみまろ,kawagoe_kimimaro@example.com,男,98,1920/3/9,既婚,沖縄県,092-415-2892,090-4751-1659,ドコモ,2017/03/19 18:53:24,2017/07/07 20:40:52,
382,河村 美紀,かわむら みき,kawamura_miki@example.com,女,74,1943/9/17,既婚,千葉県,088-624-5951,080-7880-3655,ドコモ,2017/03/21 15:31:46,2017/06/20 15:51:42,
383,八十田 徹平,やそだ てっぺい,yasoda_teppei@example.com,男,58,1959/7/28,既婚,神奈川県,089-206-3217,090-5036-4452,ドコモ,2017/03/22 0:09:43,2017/07/04 4:52:58,2017/11/07 19:55:04
384,上山 あさみ,かみやま あさみ,kamiyama_asami@example.com,女,55,1962/11/15,既婚,静岡県,022-643-1889,090-2293- 355,ドコモ,2017/03/23 23:20:08,2017/06/08 5:36:14,
385,稲垣 信輔,いながき しんすけ,inagaki_shinsuke@example.com,男,55,1962/10/6,既婚,東京都,083-132-5354,090-1276-9524,ドコモ,2017/03/23 23:26:21,2017/07/07 18:21:03,
386,渋谷 七世,しぶや ななせ,shibuya_nanase@example.com,女,22,1995/9/22,既婚,岩手県,037-632-8546,090-9170-2760,ソフトバンク,2017/03/25 6:39:40,2017/06/11 6:12:33,
387,中村 大五郎,なかむら だいごろう,nakamura_daigorou@example.com,男,56,1961/9/10,既婚,兵庫県,040-236-6805,080-8544-6385,ソフトバンク,2017/03/26 5:11:32,2017/06/01 19:26:40,
388,福本 兼,ふくもと けん,fukumoto_ken@example.com,男,46,1972/1/28,既婚,山梨県,053-615-3115,080-4668-2336,au,2017/03/29 19:00:21,2017/06/16 5:20:05,
389,宮地 雅彦,みやじ まさひこ,miyaji_masahiko@example.com,男,14,2004/3/24,未婚,埼玉県,0 3-567-8556,090-7969-9351,ドコモ,2017/03/30 3:50:06,2017/06/11 10:52:48,
390,貫地谷 菜摘,かんじや なつみ,kanjiya_natsumi@example.com,女,54,1964/1/15,既婚,福島県,095-539-5856,080-2308-7589,au,2017/03/31 1:03:15,2017/06/20 23:38:58,2017/12/06 7:50:03
391,三船 洋介,みふね ようすけ,mifune_yousuke@example.com,男,19,1998/8/30,未婚,福岡県,0 2-869-1627,090-2511-2443,ソフトバンク,2017/03/31 16:16:58,2017/06/10 16:22:07,
392,島本 涼,しまもと りょう,shimamoto_ryou@example.com,女,38,1979/5/17,既婚,山梨県,056- -7857,080-7387-9325,ドコモ,2017/03/31 23:03:18,2017/06/05 19:25:20,
393,中里 路子,なかざと みちこ,nakazato_michiko@example.com,女,98,1920/2/20,既婚,兵庫県,058-189-2777,090-5063- 870,ドコモ,2017/04/02 10:14:49,2017/06/15 4:53:55,
394,関口 優,せきぐち ゆう,sekiguchi_yuu@example.com,女,77,1940/7/31,既婚,東京都,029-923-7319,090- 816-2312,ドコモ,2017/04/03 8:31:26,2017/06/19 14:57:55,2018/03/09 22:30:53
395,堀田 れいな,ほった れいな,hotta_reina@example.com,女,26,1991/8/3,既婚,東京都,032-770-1361,080-5496-4852,ドコモ,2017/04/03 14:00:55,2017/06/29 14:40:47,
396,塩谷 しほり,しおや しほり,shioya_shihori@example.com,女,37,1980/7/10,既婚,京都府,043-535-5952,090-9687-2595,ドコモ,2017/04/03 15:59:59,2017/06/27 12:48:54,
397,伊集院 隆,いじゅういん たかし,ijuuin_takashi@example.com,男,76,1941/10/27,既婚,佐賀県,018-575- 190,080-5961-8664,ドコモ,2017/04/04 8:36:08,2017/06/22 21:49:10,2018/04/19 1:03:25
398,山村 ひろ子,やまむら ひろこ,yamamura_hiroko@example.com,女,97,1920/10/9,既婚,富山県,026-603-6121,090- 709-8083,ドコモ,2017/04/05 21:51:12,2017/06/17 20:20:10,2018/04/03 5:14:45
399,前原 聡,まえはら さとし,maehara_satoshi@example.com,男,32,1986/3/12,既婚,東京都,056-562-1915,090- 230-3427,ドコモ,2017/04/07 3:43:30,2017/06/07 4:44:49,2018/04/16 14:47:32
400,佐竹 玲那,さたけ れな,satake_rena@example.com,女,83,1935/4/13,既婚,岡山県,042-140-5701,090-7307-1590,ドコモ,2017/04/07 9:22:55,2017/06/24 4:06:32,2018/02/17 22:00:36
401,内村 菊生,うちむら きくお,uchimura_kikuo@example.com,男,30,1987/4/25,既婚,茨城県,084-512- 944,090-7803-6766,au,2017/04/09 16:54:36,2017/06/16 12:28:11,
402,永島 真希,ながしま まき,nagashima_maki@example.com,女,86,1932/3/12,既婚,福島県,034-919- 583,090-3783-3252,ドコモ,2017/04/11 3:44:58,2017/07/02 6:17:27,2017/12/11 1:41:59
403,杉山 光,すぎやま ひかる,sugiyama_hikaru@example.com,男,28,1989/8/17,未婚,大阪府,063-237-2139,090-8000-9836,ドコモ,2017/04/11 13:41:58,2017/06/16 7:59:56,
404,大谷 だん吉,おおたに だんきち,ootani_dankichi@example.com,男,37,1980/9/12,未婚,北海道,024-759-6166,090-2846-9669,ドコモ,2017/04/12 6:58:02,2017/06/05 23:59:28,2018/01/18 8:19:27
405,上山 美咲,かみやま みさき,kamiyama_misaki@example.com,女,28,1990/1/22,未婚,大阪府,060-179-1845,080-9881-4660,ドコモ,2017/04/14 2:23:58,2017/06/22 14:47:34,
406,八木 かおり,やぎ かおり,yagi_kaori@example.com,女,93,1924/8/27,既婚,東京都,097-422-1216,090- 97-1821,au,2017/04/15 11:01:15,2017/06/19 12:06:45,
407,山中 恭子,やまなか きょうこ,yamanaka_kyouko@example.com,女,29,1988/12/14,既婚,大阪府,093-187-7768,090-8054- 845,au,2017/04/16 8:30:52,2017/06/21 4:04:12,
408,吉沢 優,よしざわ ゆう,yoshizawa_yuu@example.com,女,13,2005/2/3,未婚,神奈川県,072-704-5213,090-7809-9185,au,2017/04/16 12:08:55,2017/06/26 2:16:54,2018/04/01 21:29:52
409,中川 あき,なかがわ あき,nakagawa_aki@example.com,女,97,1920/5/8,既婚,北海道,090-334-8349,080-6881-8418,ドコモ,2017/04/16 15:31:04,2017/06/13 20:58:49,2018/03/12 7:20:04
410,大滝 三郎,おおたき さぶろう,ootaki_saburou@example.com,男,84,1934/3/13,既婚,長野県,031- 56-1212,090-3346-9213,ドコモ,2017/04/17 7:23:04,2017/06/10 19:45:01,2017/12/13 0:59:21
411,山西 あさみ,やまにし あさみ,yamanishi_asami@example.com,女,44,1974/2/11,既婚,香川県,068-355-1475,080-9787-7624,ドコモ,2017/04/17 7:33:41,2017/06/11 16:20:51,
412,坂東 沙知絵,ばんとう さちえ,banntou_sachie@example.com,女,95,1922/12/4,既婚,兵庫県,0 -759-5036,080-2805- 886,ドコモ,2017/04/18 0:28:25,2017/06/05 1:03:19,2017/11/11 5:24:52
413,黒崎 千佳子,くろさき ちかこ,kurosaki_chikako@example.com,女,92,1925/7/3,既婚,佐賀県,062-986-1316,080-5132-4349,ドコモ,2017/04/18 15:04:41,2017/06/20 12:36:16,2017/11/22 15:05:20
414,山崎 直人,やまざき なおと,yamazaki_naoto@example.com,男,71,1947/1/26,既婚,福島県,035- 19-7263,080-4261-8159,ドコモ,2017/04/19 21:31:01,2017/06/04 10:41:54,2018/03/22 11:03:51
415,岡本 亜希,おかもと あき,okamoto_aki@example.com,女,47,1970/9/10,既婚,大阪府,074-918-2098,080-5660-6273,ドコモ,2017/04/21 4:23:14,2017/06/15 11:48:01,
416,矢部 美佐子,やべ みさこ,yabe_misako@example.com,女,61,1956/5/17,既婚,愛知県,012-352-5408,090-2931-8386,au,2017/04/22 14:57:33,2017/06/28 21:46:55,2018/04/13 0:51:21
417,大城 結子,おおしろ ゆうこ,ooshiro_yuuko@example.com,女,30,1988/2/27,既婚,鹿児島県,024- 54-5730,090-8307-2439,ドコモ,2017/04/23 9:09:37,2017/06/01 11:04:33,
418,若林 光臣,わかばやし みつおみ,wakabayashi_mitsuomi@example.com,男,77,1940/11/22,既婚,東京都,024-415-6048,090-8742-3213,ソフトバンク,2017/04/25 8:38:52,2017/07/06 12:47:01,2018/03/21 15:40:02
419,生瀬 華子,なませ はなこ,namase_hanako@example.com,女,54,1963/11/25,既婚,大阪府,033- -2786,080-9806-9552,ドコモ,2017/04/26 3:05:08,2017/06/02 1:11:45,2018/04/05 0:17:47
420,古屋 竜次,ふるや りゅうじ,furuya_ryuuji@example.com,男,49,1968/5/21,既婚,愛媛県,0 2-579-1736,080-8071-9127,ドコモ,2017/04/27 0:00:20,2017/06/05 22:31:35,2017/11/10 11:45:23
421,有村 龍吉,ありむら りゅうきち,arimura_ryuukichi@example.com,男,20,1997/6/26,未婚,千葉県,066-316-5566,080-1495-2178,ドコモ,2017/04/27 11:45:46,2017/07/06 11:53:46,
422,内野 明日,うちの めいび,uchino_meibi@example.com,女,79,1938/10/24,既婚,東京都,0 6-245-2316,080-7688-9225,ドコモ,2017/04/27 13:59:58,2017/06/14 7:23:01,2018/04/21 15:52:26
423,首藤 京子,すどう きょうこ,sudou_kyouko@example.com,女,32,1985/4/26,既婚,京都府,050-437-7972,080-1794-2328,ドコモ,2017/04/28 7:49:05,2017/06/18 19:25:10,
424,今泉 菜摘,いまいずみ なつみ,imaizumi_natsumi@example.com,女,34,1984/4/6,既婚,愛知県,032-983-1556,090-7893-7535,ドコモ,2017/04/30 16:37:07,2017/06/19 23:58:48,2017/12/04 19:32:10
425,織田 真希,おだ まき,oda_maki@example.com,女,80,1937/11/16,既婚,東京都,044- 41-9555,090-3829-6097,ドコモ,2017/05/01 1:50:45,2017/06/04 9:58:27,2017/12/12 3:44:09
426,奥田 恵子,おくだ けいこ,okuda_keiko@example.com,女,48,1969/8/7,既婚,福岡県,016-596-3728,080-9839-6065,ドコモ,2017/05/01 12:40:18,2017/07/07 15:16:42,
427,金井 さんま,かない さんま,kanai_sanma@example.com,男,32,1985/12/23,既婚,埼玉県,048-121-3843,090-4311-5128,ドコモ,2017/05/01 17:31:55,2017/06/03 17:32:21,2018/02/03 6:59:27
428,熊倉 桃子,くまくら ももこ,kumakura_momoko@example.com,女,24,1994/4/20,既婚,千葉県,080-746-9356,080-8498-4610,ドコモ,2017/05/04 6:43:38,2017/06/05 12:45:10,2017/12/20 8:39:37
429,田島 守,たじま まもる,tajima_mamoru@example.com,男,19,1999/4/16,未婚,広島県,027-162-2457,080-5977-2751,au,2017/05/04 16:53:15,2017/06/11 18:03:23,
430,山形 聡,やまがた さとし,yamagata_satoshi@example.com,男,64,1953/8/3,既婚,愛知県,064-942-9730,080-7498-2423,ドコモ,2017/05/05 4:00:32,2017/07/04 18:15:22,2018/04/01 11:41:49
431,山下 豊,やました ゆたか,yamashita_yutaka@example.com,男,65,1952/12/18,既婚,大阪府,040-268-1403,080-6645-1655,ドコモ,2017/05/05 8:50:46,2017/07/06 13:03:07,
432,小町 さやか,こまち さやか,komachi_sayaka@example.com,女,18,1999/5/24,既婚,埼玉県,023-769-6908,090-2576-1733,ソフトバンク,2017/05/05 12:43:22,2017/07/06 17:08:10,2018/02/16 20:49:11
433,原田 愛子,はらだ あいこ,harada_aiko@example.com,女,83,1934/9/21,既婚,愛知県,052-606-1346,080-2761-9418,ソフトバンク,2017/05/05 17:19:54,2017/06/12 6:54:20,
434,平田 はるか,ひらた はるか,hirata_haruka@example.com,女,72,1946/4/13,既婚,茨城県,030-934-8125,090-7747-6469,au,2017/05/10 18:05:14,2017/06/28 7:37:17,2018/04/05 20:30:24
435,下村 拓郎,しもむら たくろう,shimomura_takurou@example.com,男,59,1958/10/8,未婚,栃木県,063-987-3372,080-9214-3216,ドコモ,2017/05/11 5:10:07,2017/06/15 3:49:30,2018/01/05 22:50:55
436,高柳 雅之,たかやなぎ まさゆき,takayanagi_masayuki@example.com,男,21,1996/5/1,既婚,広島県,020-645-4946,080-3813-7396,au,2017/05/11 7:11:08,2017/06/23 0:54:36,2018/02/06 16:01:20
437,沢井 聡,さわい さとし,sawai_satoshi@example.com,男,98,1920/4/1,既婚,神奈川県,0 5-424-3887,090-3617-8741,ソフトバンク,2017/05/11 7:16:31,2017/07/05 18:59:22,2017/12/27 17:04:27
438,川原 貴美子,かわはら きみこ,kawahara_kimiko@example.com,女,85,1932/11/24,既婚,沖縄県,084-164-5551,090-6740-9345,au,2017/05/11 11:25:28,2017/07/01 5:11:32,2017/12/10 6:43:38
439,赤木 孝太郎,あかぎ こうたろう,akagi_koutarou@example.com,男,40,1978/2/10,既婚,沖縄県,014-812-8284,090-3415-2593,au,2017/05/11 12:19:18,2017/06/19 0:23:13,2017/11/10 0:44:25
440,内野 幸平,うちの こうへい,uchino_kouhei@example.com,男,55,1962/12/6,既婚,岡山県,041-299-5456,080-2054-2009,au,2017/05/13 21:15:13,2017/06/04 3:33:25,
441,小口 美帆,おぐち みほ,oguchi_miho@example.com,女,41,1977/3/11,既婚,新潟県,090-424-1856,080-5167-3546,ドコモ,2017/05/14 21:20:31,2017/06/14 14:09:37,
442,竹内 俊介,たけうち しゅんすけ,takeuchi_shunsuke@example.com,男,87,1930/12/24,既婚,静岡県,056-477-5353,080-6147-3532,ドコモ,2017/05/16 4:17:07,2017/07/06 1:36:08,
443,川原 達士,かわはら たつひと,kawahara_tatsuhito@example.com,男,21,1997/4/1,既婚,大阪府,034-248-4055,090-3040-3147,au,2017/05/16 14:54:34,2017/06/08 20:51:47,
444,武藤 法嗣,むとう ほうし,mutou_houshi@example.com,男,90,1927/10/18,既婚,大阪府,013-934-6547,080-9005-6263,ドコモ,2017/05/17 7:27:56,2017/07/03 22:24:43,
445,栗山 咲,くりやま さき,kuriyama_saki@example.com,女,14,2003/5/6,未婚,埼玉県,024-983-4518,090-8933-9520,ドコモ,2017/05/18 13:50:44,2017/07/02 10:42:09,
446,久保田 麻緒,くぼた まお,kubota_mao@example.com,女,61,1957/4/5,既婚,新潟県,089- 10-9567,080-5884- 495,ドコモ,2017/05/19 4:41:14,2017/06/18 11:12:06,2018/02/24 19:32:44
447,塚田 ひとみ,つかだ ひとみ,tsukada_hitomi@example.com,女,80,1937/11/14,既婚,熊本県,072-484-7365,080- 702-7950,au,2017/05/19 18:57:19,2017/06/10 18:20:42,
448,矢口 恵子,やぐち けいこ,yaguchi_keiko@example.com,女,90,1927/7/30,既婚,大阪府,016-956-9115,080-9534-8555,ソフトバンク,2017/05/20 1:43:51,2017/06/28 20:35:31,
449,堀内 明日,ほりうち めいび,horiuchi_meibi@example.com,女,87,1930/8/24,既婚,山口県,041-411-2097,090-9373-8604,au,2017/05/20 14:32:58,2017/06/22 3:10:20,2018/04/05 5:59:43
450,内村 桃子,うちむら ももこ,uchimura_momoko@example.com,女,37,1980/4/28,既婚,神奈川県,017-408-3257,090-8567-4992,au,2017/05/21 7:53:07,2017/07/06 4:26:45,
451,森山 一恵,もりやま かづえ,moriyama_kadue@example.com,女,57,1961/2/12,既婚,長崎県,0 8-672- 322,080-8513-3599,ドコモ,2017/05/21 17:30:26,2017/06/26 10:48:05,
452,杉山 ひろ子,すぎやま ひろこ,sugiyama_hiroko@example.com,女,52,1965/5/27,未婚,秋田県,064- 24-6827,090-6080- 814,ドコモ,2017/05/24 7:07:20,2017/06/05 9:53:04,2017/11/12 7:27:36
453,石塚 杏,いしづか あん,ishiduka_ann@example.com,女,27,1990/10/17,未婚,北海道,018-361-8745,080-1422-5017,au,2017/05/24 20:02:20,2017/07/04 0:40:58,
454,浅川 美紀,あさかわ みき,asakawa_miki@example.com,女,17,2000/8/9,未婚,北海道,092-932-5854,080-7353-9075,ドコモ,2017/05/25 5:48:19,2017/06/01 6:03:10,2018/02/02 4:55:45
455,堤 寛,つつみ ひろし,tsutsumi_hiroshi@example.com,男,74,1943/12/25,既婚,千葉県,036-401-8355,090-9146-7977,ソフトバンク,2017/05/27 0:25:04,2017/07/06 8:21:09,
456,秋山 惇,あきやま じゅん,akiyama_jun@example.com,男,24,1993/7/26,未婚,広島県,0 4-839-1114,080-9819-6722,ソフトバンク,2017/05/27 5:52:54,2017/06/03 14:01:29,2017/12/05 9:41:03
457,柳 隼士,やなぎ しゅんじ,yanagi_shunji@example.com,男,33,1984/5/18,既婚,東京都,064-899-4104,080- 746-1306,au,2017/05/27 7:34:58,2017/06/01 21:26:03,2018/03/19 23:53:43
458,川原 めぐみ,かわはら めぐみ,kawahara_megumi@example.com,女,95,1922/12/20,既婚,大阪府,034- 92-6711,080- 332-5126,ドコモ,2017/05/28 8:56:04,2017/06/26 19:48:34,
459,三上 草太,みかみ そうた,mikami_souta@example.com,男,34,1984/4/12,既婚,和歌山県,0 2-881-7379,080-1990-7135,au,2017/05/29 10:00:22,2017/06/16 12:56:04,
460,三上 綾女,みかみ あやめ,mikami_ayame@example.com,女,37,1980/6/10,既婚,鹿児島県,084-118-6220,080-7664-4990,ドコモ,2017/05/30 5:49:28,2017/06/25 14:00:01,
461,岡 麗奈,おか れな,oka_rena@example.com,女,28,1989/11/30,未婚,京都府,0 4-389-3189,090-4153-6902,ソフトバンク,2017/05/30 14:41:27,2017/07/07 22:17:45,
462,亀田 正敏,かめだ まさとし,kameda_masatoshi@example.com,男,16,2001/10/11,未婚,千葉県,017-725- 95,090- 228-2510,ソフトバンク,2017/05/31 8:29:40,2017/07/01 19:47:26,2018/04/04 19:09:28
463,松田 勤,まつだ つとむ,matsuda_tsutomu@example.com,男,81,1937/3/21,既婚,富山県,094- 36-9498,080-7477-1668,au,2017/05/31 20:46:58,2017/06/07 22:52:18,2018/01/02 22:11:39
464,岡本 敏和,おかもと としかず,okamoto_toshikazu@example.com,男,70,1947/5/21,既婚,宮崎県,014-186-5301,080-2713- 36,ドコモ,2017/06/04 3:39:34,2017/06/25 21:44:32,2018/01/20 15:19:28
465,小市 瞳,こいち ひとみ,koichi_hitomi@example.com,女,35,1983/2/16,既婚,東京都,054-879-2606,080-7468-6854,au,2017/06/04 7:28:31,2017/07/07 14:32:24,2018/02/01 14:56:18
466,野上 美佐,のがみ みさ,nogami_misa@example.com,女,34,1983/5/29,既婚,神奈川県,053-732-4795,090-8310-5177,au,2017/06/05 8:14:20,2017/06/11 19:06:00,
467,山城 璃子,やましろ りこ,yamashiro_riko@example.com,女,94,1923/11/4,既婚,愛知県,052-770-5431,080-8024-8769,ドコモ,2017/06/05 11:07:07,2017/06/24 23:50:09,2018/04/05 4:18:29
468,林田 直人,はやしだ なおと,hayashida_naoto@example.com,男,59,1959/1/29,既婚,兵庫県,024-459-9340,090-4784-4268,ドコモ,2017/06/06 4:08:12,2017/06/19 20:43:09,
469,永井 小百合,ながい さゆり,nagai_sayuri@example.com,女,92,1925/10/4,既婚,島根県,056- 6-8319,090-9741-2737,au,2017/06/07 16:20:00,2017/07/04 12:47:12,
470,高井 栄一,たかい えいいち,takai_eiichi@example.com,男,62,1956/2/14,既婚,宮崎県,042-836-3401,080-1364-7517,ドコモ,2017/06/08 23:56:31,2017/06/13 4:05:22,
471,土橋 大,つちはし まさる,tsuchihashi_masaru@example.com,男,91,1926/10/7,既婚,茨城県,030-949-1526,080-3254-1277,au,2017/06/09 18:19:37,2017/06/15 7:30:56,
472,荒木 良介,あらき りょうすけ,araki_ryousuke@example.com,男,53,1965/4/11,既婚,千葉県,019-591-8714,090-2080-4549,ドコモ,2017/06/09 20:53:08,2017/06/26 1:31:14,
473,海老原 景子,えびはら けいこ,ebihara_keiko@example.com,女,91,1926/9/2,既婚,福井県,087-721-7349,090-4736- 739,ソフトバンク,2017/06/10 15:49:31,2017/06/22 2:47:15,
474,勝田 豊,かつだ ゆたか,katsuda_yutaka@example.com,男,40,1978/2/10,既婚,東京都,064-871- 382,080-1880-9343,ドコモ,2017/06/11 18:48:45,2017/06/18 8:39:46,2017/12/05 18:11:23
475,大山 希,おおやま のぞみ,ooyama_nozomi@example.com,女,78,1939/7/4,既婚,愛知県,085-820-5765,080-2120-3533,ソフトバンク,2017/06/14 3:26:51,2017/06/29 21:34:03,2018/01/04 1:50:56
476,野中 明,のなか あきら,nonaka_akira@example.com,男,38,1980/1/31,既婚,東京都,0 6-972-3724,090- 206-8486,ドコモ,2017/06/16 10:31:58,2017/06/26 12:40:28,2018/02/14 22:22:48
477,園田 碧海,そのだ おうが,sonoda_ouga@example.com,男,22,1996/2/18,未婚,広島県,023-716-1433,090-6083-2431,ドコモ,2017/06/17 2:10:41,2017/06/29 8:49:16,
478,岸 千佳子,きし ちかこ,kishi_chikako@example.com,女,51,1966/5/12,既婚,京都府,076-490-5120,080- 658-2802,ソフトバンク,2017/06/17 12:32:50,2017/06/18 23:47:23,
479,村田 りえ,むらた りえ,murata_rie@example.com,女,93,1924/12/16,既婚,沖縄県,047-376-7257,080-9200-2677,au,2017/06/19 16:27:14,2017/06/30 20:33:33,2018/01/24 14:28:53
480,福島 美里,ふくしま みり,fukushima_miri@example.com,女,33,1984/7/6,既婚,埼玉県,099- 11-9240,080-7099-1496,ドコモ,2017/06/20 7:17:31,2017/06/28 7:07:56,2018/03/07 15:15:50
481,今川 貴嶺,いまがわ たかね,imagawa_takane@example.com,男,91,1926/8/12,既婚,北海道,079-644-9287,080-5493-6869,ツーカー,2017/06/22 19:05:06,2017/06/23 20:49:24,2017/12/20 5:19:27
482,芦田 真吾,あしだ しんご,ashida_shingo@example.com,男,59,1958/8/20,既婚,富山県,082-745-3950,080-3706-2027,ドコモ,2017/06/24 19:30:04,2017/08/07 20:36:39,
483,増田 はるみ,ますだ はるみ,masuda_harumi@example.com,女,19,1998/10/30,未婚,千葉県,041-534-7106,090-9362-4070,ドコモ,2017/06/25 5:32:00,2017/07/07 20:51:03,
484,佐竹 莉沙,さたけ りさ,satake_risa@example.com,女,76,1941/10/18,既婚,福岡県,072-612-4876,080-4563-4193,au,2017/06/25 9:55:08,2017/09/19 20:27:26,
485,竹田 充則,たけだ みつのり,takeda_mitsunori@example.com,男,67,1951/2/27,既婚,福岡県,021-271- 207,080-8040- 381,ソフトバンク,2017/06/25 15:15:45,2017/06/26 2:30:36,
486,藤野 早織,ふじの さおり,fujino_saori@example.com,女,92,1925/10/7,既婚,千葉県,0 1-703-6975,090-3591-6560,ドコモ,2017/06/26 23:45:21,2017/06/27 9:11:56,2018/02/19 23:30:57
487,岩本 賢二,いわもと けんじ,iwamoto_kenji@example.com,男,89,1929/1/2,既婚,静岡県,013-413-5527,080-2416-7485,ドコモ,2017/06/27 9:24:36,2017/06/27 5:51:59,
488,会田 光洋,あいだ みつひろ,aida_mitsuhiro@example.com,男,68,1949/11/30,既婚,千葉県,072-585- 323,080-6557-9214,au,2017/06/27 23:31:28,2017/08/09 21:06:36,
489,寺井 真一,てらい しんいち,terai_shinichi@example.com,男,32,1985/9/15,未婚,東京都,057-797-1206,080-1397-4573,au,2017/06/28 12:19:44,2017/06/22 2:29:29,2018/02/03 10:36:51
490,満島 はるみ,みつしま はるみ,mitsushima_harumi@example.com,女,56,1961/4/26,既婚,大分県,031-622-9252,090-8843-1571,au,2017/06/29 8:04:58,2017/07/03 7:55:29,2018/01/31 12:34:13
491,本橋 敦,もとはし あつし,motohashi_atsushi@example.com,男,40,1978/1/30,既婚,三重県,050-770-6738,090-4049-5733,ドコモ,2017/06/29 21:08:57,2017/06/30 18:38:13,2018/03/11 16:45:58
492,野島 竜也,のじま たつや,nojima_tatsuya@example.com,男,74,1943/12/27,既婚,北海道,0 5-724-3430,080-4700- 678,ドコモ,2017/06/30 8:58:50,2017/06/30 22:39:06,
493,上野 希,うえの のぞみ,ueno_nozomi@example.com,女,49,1968/6/24,既婚,沖縄県,081-120-2110,080-4152-1097,au,2017/06/30 17:13:35,2017/06/30 0:17:17,2018/03/05 10:02:23
494,中西 禄郎,なかにし ろくろう,nakanishi_rokurou@example.com,男,30,1988/3/28,未婚,北海道,036-952-3917,090-7773- 513,au,2017/06/30 17:27:34,2017/07/07 19:35:01,
495,藤村 光良,ふじむら てるよし,fujimura_teruyoshi@example.com,男,98,1919/8/5,既婚,宮城県,046-557-6691,080- 912-4591,ドコモ,2017/07/01 6:40:01,2017/08/17 17:08:42,2017/12/10 6:06:47
496,芦屋 昌代,あしや まさよ,ashiya_masayo@example.com,女,14,2003/9/12,未婚,沖縄県,035-738-1584,090-5667- 504,ソフトバンク,2017/07/01 15:23:52,2017/07/07 22:24:52,2017/12/06 23:22:03
497,秦 浩介,はた こうすけ,hata_kousuke@example.com,男,42,1975/8/17,既婚,神奈川県,0 6-680-4030,080-4257-6306,ドコモ,2017/07/05 9:37:10,2017/07/28 5:42:27,2018/01/27 5:15:14
498,岸田 光臣,きしだ みつおみ,kishida_mitsuomi@example.com,男,72,1945/5/3,既婚,新潟県,058-827-3883,080-9625-6055,ドコモ,2017/07/06 7:30:34,2017/08/29 20:53:06,2017/11/01 8:55:57
499,松沢 良介,まつざわ りょうすけ,matsuzawa_ryousuke@example.com,男,37,1981/3/17,未婚,東京都,066-868-8519,080-4870- 646,ソフトバンク,2017/07/06 12:04:24,2017/08/16 20:00:33,
500,野村 みあ,のむら みあ,nomura_mia@example.com,女,83,1934/8/16,既婚,埼玉県,089-700-4330,090-6190-7332,au,2017/07/07 5:11:38,2017/07/08 2:28:34,